,Unnamed: 0,District Code,Agency Name,American Indian/Alaska Native,Black,Hispanic,White,Hawaiian Nat./Pacific Isl.,Two or More Races,Asian or Asian/Pacific Islander,Total Enrollment,Total Revenue,Revenue per student
0,0,64212.0,ABC UNIFIED,63.0,1791.0,9425.0,1302.0,158.0,524.0,7459.0,20722.0,226251000.0,10918.4
1,1,61630.0,ACALANES UNION HIGH,9.0,95.0,508.0,3622.0,16.0,402.0,850.0,5502.0,37710000.0,6853.87
2,2,66761.0,ACKERMAN CHARTER,2.0,4.0,74.0,460.0,0.0,37.0,9.0,586.0,4410000.0,7525.6
3,3,75309.0,ACTON-AGUA DULCE UNIFIED,36.0,705.0,3466.0,4199.0,18.0,1040.0,536.0,10000.0,29983000.0,2998.3
4,4,67587.0,ADELANTO ELEMENTARY,35.0,2156.0,6327.0,1010.0,88.0,517.0,139.0,10272.0,120023000.0,11684.48
6,6,61119.0,ALAMEDA UNIFIED,33.0,924.0,1897.0,3292.0,85.0,1206.0,3722.0,11159.0,96642000.0,8660.45
7,7,61127.0,ALBANY CITY UNIFIED,5.0,117.0,603.0,1368.0,7.0,522.0,1080.0,3702.0,58211000.0,15724.2
8,8,70599.0,ALEXANDER VALLEY UNION ELEMENTARY,0.0,1.0,48.0,80.0,0.0,1.0,0.0,130.0,1123000.0,8638.46
9,9,75713.0,ALHAMBRA UNIFIED,33.0,112.0,7071.0,349.0,16.0,406.0,9084.0,17071.0,250138000.0,14652.8
10,10,65961.0,ALISAL UNION,4.0,34.0,8414.0,117.0,18.0,517.0,131.0,9235.0,109541000.0,11861.51
11,11,71795.0,ALLENSWORTH ELEMENTARY,0.0,1.0,77.0,0.0,0.0,0.0,0.0,78.0,1105000.0,14166.67
12,12,71803.0,ALPAUGH UNIFIED,4.0,16.0,501.0,213.0,0.0,44.0,15.0,793.0,5021000.0,6331.65
13,13,61333.0,ALPINE COUNTY UNIFIED,32.0,0.0,4.0,42.0,0.0,2.0,0.0,80.0,1714000.0,21425.0
14,14,67967.0,ALPINE UNION ELEMENTARY,81.0,37.0,400.0,1111.0,7.0,74.0,35.0,1745.0,13433000.0,7697.99
15,15,67595.0,ALTA LOMA ELEMENTARY,31.0,381.0,2676.0,2281.0,28.0,90.0,501.0,5988.0,55109000.0,9203.24
16,16,71811.0,ALTA VISTA ELEMENTARY,4.0,0.0,449.0,76.0,19.0,2.0,5.0,555.0,7103000.0,12798.2
17,17,66779.0,ALTA-DUTCH FLAT UNION ELEMENTARY,1.0,0.0,6.0,91.0,0.0,5.0,1.0,104.0,794000.0,7634.62
18,18,69369.0,ALUM ROCK UNION ELEMENTARY,21.0,156.0,9154.0,194.0,97.0,134.0,1868.0,11624.0,113219000.0,9740.11
19,19,65177.0,ALVIEW-DAIRYLAND UNION ELEMENTARY,1.0,0.0,213.0,156.0,0.0,1.0,10.0,381.0,3352000.0,8797.9
20,20,61994.0,ALVINA ELEMENTARY,2.0,0.0,154.0,24.0,1.0,0.0,1.0,182.0,1769000.0,9719.78
21,21,66977.0,ALVORD UNIFIED,40.0,720.0,15161.0,2034.0,85.0,245.0,949.0,19234.0,222608000.0,11573.67
23,23,73981.0,AMADOR COUNTY UNIFIED,101.0,23.0,780.0,2652.0,9.0,245.0,54.0,3864.0,17515000.0,4532.87
24,24,66423.0,ANAHEIM ELEMENTARY,18.0,265.0,15961.0,873.0,67.0,328.0,1046.0,18558.0,164715000.0,8875.69
25,25,66431.0,ANAHEIM UNION HIGH,145.0,716.0,20555.0,3135.0,167.0,726.0,5287.0,30731.0,349807000.0,11382.87
26,26,69856.0,ANDERSON UNION HIGH,104.0,30.0,293.0,1274.0,10.0,52.0,49.0,1812.0,17738000.0,9789.18
27,27,65540.0,ANDERSON VALLEY UNIFIED,4.0,5.0,384.0,110.0,0.0,3.0,1.0,507.0,6682000.0,13179.49
28,28,71472.0,ANTELOPE ELEMENTARY,16.0,9.0,187.0,568.0,1.0,24.0,11.0,816.0,7755000.0,9503.68
29,29,64246.0,ANTELOPE VALLEY UNION HIGH,77.0,4207.0,14647.0,3260.0,46.0,1030.0,628.0,23895.0,288343000.0,12067.09
30,30,61648.0,ANTIOCH UNIFIED,104.0,4333.0,7533.0,2623.0,214.0,889.0,1630.0,17326.0,167684000.0,9678.17
31,31,75077.0,APPLE VALLEY UNIFIED,58.0,1287.0,6520.0,5718.0,72.0,291.0,424.0,14370.0,140868000.0,9802.92
32,32,64261.0,ARCADIA UNIFIED,12.0,170.0,1380.0,1290.0,8.0,182.0,6483.0,9525.0,77631000.0,8150.24
33,33,62679.0,ARCATA ELEMENTARY,34.0,13.0,159.0,715.0,3.0,121.0,19.0,1064.0,11841000.0,11128.76
34,34,67280.0,ARCOHE UNION ELEMENTARY,5.0,12.0,204.0,198.0,2.0,23.0,7.0,451.0,4052000.0,8984.48
35,35,65557.0,ARENA UNION ELEMENTARY,28.0,0.0,154.0,113.0,0.0,18.0,0.0,313.0,0.0,0.0
36,36,63875.0,ARMONA UNION ELEMENTARY,27.0,54.0,1051.0,348.0,2.0,38.0,22.0,1542.0,14613000.0,9476.65
37,38,63313.0,ARVIN UNION,5.0,16.0,2902.0,95.0,0.0,3.0,7.0,3028.0,40148000.0,13258.92
38,39,68700.0,ATASCADERO UNIFIED,47.0,64.0,1288.0,2983.0,5.0,132.0,108.0,4627.0,28220000.0,6098.98
39,40,65631.0,ATWATER ELEMENTARY,35.0,113.0,3511.0,969.0,13.0,105.0,218.0,4964.0,60592000.0,12206.29
40,41,66787.0,AUBURN UNION ELEMENTARY,21.0,28.0,626.0,1209.0,2.0,100.0,49.0,2035.0,15804000.0,7766.09
41,42,64279.0,AZUSA UNIFIED,19.0,116.0,8073.0,296.0,1.0,56.0,184.0,8745.0,115452000.0,13202.06
42,43,73858.0,BAKER VALLEY UNIFIED,0.0,0.0,110.0,14.0,0.0,0.0,0.0,124.0,964000.0,7774.19
43,44,63321.0,BAKERSFIELD CITY,150.0,2422.0,23959.0,2899.0,37.0,537.0,368.0,30372.0,380895000.0,12540.99
44,45,64287.0,BALDWIN PARK UNIFIED,230.0,564.0,14575.0,577.0,41.0,697.0,1049.0,17733.0,200607000.0,11312.64
45,46,69104.0,BALLARD ELEMENTARY,0.0,1.0,18.0,105.0,0.0,2.0,3.0,129.0,640000.0,4961.24
46,47,65649.0,BALLICO-CRESSEY ELEMENTARY,3.0,5.0,211.0,104.0,0.0,39.0,11.0,373.0,3684000.0,9876.68
47,48,61382.0,BANGOR UNION ELEMENTARY,4.0,0.0,13.0,67.0,0.0,3.0,0.0,87.0,1125000.0,12931.03
48,49,66985.0,BANNING UNIFIED,128.0,365.0,3072.0,580.0,7.0,140.0,249.0,4541.0,53443000.0,11768.99
49,50,68486.0,BANTA ELEMENTARY,0.0,23.0,357.0,169.0,4.0,40.0,177.0,770.0,7016000.0,9111.69
50,51,67611.0,BARSTOW UNIFIED,68.0,1106.0,3212.0,1287.0,71.0,321.0,89.0,6154.0,78476000.0,12752.03
51,52,65185.0,BASS LAKE JOINT UNION ELEMENTARY,17.0,5.0,162.0,657.0,1.0,30.0,19.0,891.0,5251000.0,5893.38
52,53,64295.0,BASSETT UNIFIED,6.0,28.0,3444.0,42.0,3.0,0.0,166.0,3689.0,53525000.0,14509.35
53,54,68858.0,BAYSHORE ELEMENTARY,0.0,15.0,158.0,10.0,19.0,14.0,152.0,368.0,28589000.0,77687.5
54,55,67637.0,BEAR VALLEY UNIFIED,10.0,20.0,876.0,1510.0,3.0,78.0,26.0,2523.0,21245000.0,8420.53
55,56,63339.0,BEARDSLEY ELEMENTARY,7.0,58.0,690.0,923.0,0.0,126.0,6.0,1810.0,18130000.0,10016.57
56,57,66993.0,BEAUMONT UNIFIED,91.0,627.0,5174.0,3226.0,30.0,285.0,542.0,9975.0,98646000.0,9889.32
57,58,69872.0,BELLA VISTA ELEMENTARY,17.0,7.0,39.0,275.0,1.0,11.0,11.0,361.0,3281000.0,9088.64
58,59,72306.0,BELLEVIEW ELEMENTARY,2.0,5.0,32.0,100.0,3.0,4.0,1.0,147.0,1487000.0,10115.65
59,60,70615.0,BELLEVUE UNION,17.0,29.0,1585.0,179.0,1.0,23.0,61.0,1895.0,18680000.0,9857.52
60,61,64303.0,BELLFLOWER UNIFIED,59.0,1604.0,7928.0,1274.0,96.0,301.0,1035.0,12297.0,135823000.0,11045.21
61,62,68866.0,BELMONT-REDWOOD SHORES ELEMENTARY,6.0,71.0,500.0,1797.0,34.0,536.0,1286.0,4230.0,26884000.0,6355.56
62,63,63347.0,BELRIDGE ELEMENTARY,0.0,0.0,32.0,0.0,0.0,0.0,0.0,32.0,390000.0,12187.5
63,64,70524.0,BENICIA UNIFIED,21.0,383.0,907.0,2239.0,15.0,689.0,599.0,4853.0,35896000.0,7396.66
64,65,70623.0,BENNETT VALLEY UNION ELEMENTARY,4.0,23.0,220.0,666.0,9.0,65.0,48.0,1035.0,6105000.0,5898.55
65,66,61143.0,BERKELEY UNIFIED,16.0,1667.0,2473.0,3868.0,22.0,1378.0,814.0,10238.0,122851000.0,11999.51
66,67,69377.0,BERRYESSA UNION ELEMENTARY,3.0,129.0,1719.0,381.0,46.0,378.0,4640.0,7296.0,57336000.0,7858.55
67,68,64311.0,BEVERLY HILLS UNIFIED,8.0,111.0,319.0,2923.0,10.0,153.0,499.0,4023.0,34713000.0,8628.64
68,69,62026.0,BIG CREEK ELEMENTARY,0.0,0.0,15.0,39.0,0.0,1.0,0.0,55.0,630000.0,11454.55
69,70,62695.0,BIG LAGOON UNION ELEMENTARY,4.0,0.0,4.0,8.0,0.0,2.0,0.0,18.0,414000.0,23000.0
70,71,75184.0,BIG OAK FLAT-GROVELAND UNIFIED,4.0,5.0,48.0,236.0,0.0,6.0,3.0,302.0,1603000.0,5307.95
71,72,63248.0,BIG PINE UNIFIED,76.0,0.0,36.0,40.0,1.0,17.0,1.0,171.0,1650000.0,9649.12
72,73,70185.0,BIG SPRINGS UNION ELEMENTARY,3.0,1.0,34.0,121.0,0.0,15.0,5.0,179.0,1815000.0,10139.66
73,74,75150.0,BIG SUR UNIFIED,0.0,0.0,26.0,67.0,1.0,13.0,2.0,109.0,1551000.0,14229.36
74,75,64089.0,BIG VALLEY JOINT UNIFIED,8.0,0.0,21.0,118.0,0.0,0.0,0.0,147.0,1595000.0,10850.34
75,76,61408.0,BIGGS UNIFIED,5.0,13.0,231.0,348.0,2.0,5.0,13.0,617.0,6067000.0,9833.06
76,77,76687.0,BISHOP UNIFIED,279.0,9.0,714.0,734.0,0.0,131.0,23.0,1890.0,11530000.0,6100.53
77,78,67454.0,BITTERWATER-TULLY ELEMENTARY,0.0,0.0,11.0,21.0,0.0,0.0,0.0,32.0,359000.0,11218.75
78,79,69880.0,BLACK BUTTE UNION ELEMENTARY,12.0,2.0,22.0,162.0,2.0,11.0,2.0,213.0,1489000.0,6990.61
79,80,73783.0,BLACK OAK MINE UNIFIED,29.0,6.0,118.0,1067.0,0.0,22.0,11.0,1253.0,9424000.0,7521.15
80,81,63354.0,BLAKE ELEMENTARY,0.0,0.0,4.0,7.0,0.0,0.0,0.0,11.0,215000.0,19545.45
81,82,69112.0,BLOCHMAN UNION ELEMENTARY,8.0,15.0,326.0,814.0,5.0,91.0,18.0,1277.0,2426000.0,1899.77
82,83,62703.0,BLUE LAKE UNION ELEMENTARY,13.0,1.0,20.0,95.0,0.0,40.0,0.0,169.0,1730000.0,10236.69
83,84,70193.0,BOGUS ELEMENTARY,0.0,0.0,0.0,14.0,0.0,6.0,0.0,20.0,212000.0,10600.0
84,85,65300.0,BOLINAS-STINSON UNION,0.0,1.0,20.0,52.0,0.0,10.0,2.0,85.0,1733000.0,20388.24
85,86,64329.0,BONITA UNIFIED,23.0,313.0,5202.0,2976.0,17.0,866.0,830.0,10227.0,96722000.0,9457.51
86,87,69732.0,BONNY DOON UNION ELEMENTARY,2.0,0.0,5.0,152.0,0.0,1.0,3.0,163.0,744000.0,4564.42
87,88,76851.0,BONSALL UNIFIED,153.0,56.0,932.0,1360.0,11.0,212.0,135.0,2859.0,19562000.0,6842.25
88,89,67983.0,BORREGO SPRINGS UNIFIED,4.0,34.0,704.0,113.0,5.0,20.0,6.0,886.0,11453000.0,12926.64
89,90,65979.0,BRADLEY UNION ELEMENTARY,5.0,3.0,53.0,131.0,0.0,16.0,6.0,214.0,984000.0,4598.13
90,91,63073.0,BRAWLEY ELEMENTARY,1.0,34.0,3794.0,143.0,1.0,3.0,16.0,3992.0,48581000.0,12169.59
91,92,63081.0,BRAWLEY UNION HIGH,1.0,21.0,1650.0,152.0,2.0,5.0,15.0,1846.0,23161000.0,12546.59
92,93,66449.0,BREA-OLINDA UNIFIED,10.0,96.0,2150.0,1972.0,26.0,178.0,1477.0,5909.0,33795000.0,5719.24
93,94,61655.0,BRENTWOOD UNION ELEMENTARY,29.0,639.0,2719.0,3812.0,59.0,676.0,983.0,8917.0,75006000.0,8411.57
94,95,61556.0,BRET HARTE UNION HIGH,10.0,0.0,138.0,497.0,0.0,38.0,13.0,696.0,2958000.0,4250.0
95,96,62729.0,BRIDGEVILLE ELEMENTARY,0.0,0.0,2.0,20.0,0.0,3.0,0.0,25.0,523000.0,20920.0
96,97,72447.0,BRIGGS ELEMENTARY,0.0,0.0,513.0,26.0,0.0,3.0,0.0,542.0,5731000.0,10573.8
97,98,68874.0,BRISBANE ELEMENTARY,0.0,8.0,148.0,134.0,4.0,37.0,133.0,464.0,2951000.0,6359.91
98,99,71357.0,BRITTAN ELEMENTARY,5.0,0.0,102.0,309.0,0.0,50.0,0.0,466.0,3881000.0,8328.33
99,100,71365.0,BROWNS ELEMENTARY,0.0,1.0,63.0,73.0,1.0,9.0,5.0,152.0,1232000.0,8105.26
100,101,61838.0,BUCKEYE UNION ELEMENTARY,14.0,47.0,742.0,3599.0,16.0,345.0,453.0,5216.0,38112000.0,7306.75
101,102,69138.0,BUELLTON UNION ELEMENTARY,4.0,4.0,268.0,294.0,0.0,36.0,8.0,614.0,7414000.0,12074.92
102,103,66456.0,BUENA PARK ELEMENTARY,17.0,218.0,3197.0,341.0,25.0,111.0,928.0,4837.0,51063000.0,10556.75
103,104,71829.0,BUENA VISTA ELEMENTARY,0.0,4.0,139.0,63.0,0.0,3.0,0.0,209.0,2170000.0,10382.78
104,105,64337.0,BURBANK UNIFIED,57.0,418.0,5891.0,7373.0,16.0,886.0,1458.0,16099.0,135169000.0,8396.11
105,106,68882.0,BURLINGAME ELEMENTARY,6.0,22.0,506.0,1775.0,14.0,296.0,791.0,3410.0,24896000.0,7300.88
106,107,71662.0,BURNT RANCH ELEMENTARY,32.0,4.0,20.0,33.0,0.0,5.0,2.0,96.0,1252000.0,13041.67
107,108,62042.0,BURREL UNION ELEMENTARY,0.0,0.0,100.0,9.0,0.0,0.0,3.0,112.0,1311000.0,11705.36
108,109,71837.0,BURTON ELEMENTARY,61.0,33.0,3305.0,1007.0,8.0,26.0,241.0,4681.0,52935000.0,11308.48
110,111,73684.0,BUTTE VALLEY UNIFIED,13.0,0.0,146.0,139.0,0.0,6.0,4.0,308.0,3771000.0,12243.51
111,112,70201.0,BUTTEVILLE UNION ELEMENTARY,0.0,0.0,30.0,1.0,0.0,180.0,0.0,211.0,1936000.0,9175.36
112,113,63370.0,BUTTONWILLOW UNION ELEMENTARY,1.0,3.0,339.0,27.0,0.0,1.0,3.0,374.0,4638000.0,12401.07
113,114,61663.0,BYRON UNION ELEMENTARY,50.0,92.0,527.0,1336.0,29.0,89.0,111.0,2234.0,57951000.0,25940.47
114,115,68890.0,CABRILLO UNIFIED,4.0,13.0,1685.0,1358.0,5.0,123.0,91.0,3279.0,28575000.0,8714.55
115,116,67991.0,CAJON VALLEY UNION,34.0,1025.0,6065.0,8086.0,90.0,1127.0,497.0,16924.0,174505000.0,10311.1
117,118,61564.0,CALAVERAS UNIFIED,49.0,20.0,554.0,2123.0,6.0,143.0,37.0,2932.0,17680000.0,6030.01
118,119,63099.0,CALEXICO UNIFIED,1.0,4.0,9185.0,30.0,0.0,5.0,27.0,9252.0,128881000.0,13930.07
119,120,63388.0,CALIENTE UNION ELEMENTARY,0.0,0.0,5.0,43.0,0.0,3.0,0.0,51.0,648000.0,12705.88
120,125,63107.0,CALIPATRIA UNIFIED,0.0,28.0,1014.0,95.0,0.0,9.0,4.0,1150.0,15093000.0,13124.35
121,126,66241.0,CALISTOGA JOINT UNIFIED,1.0,0.0,712.0,115.0,0.0,17.0,14.0,859.0,3780000.0,4400.47
122,127,69385.0,CAMBRIAN,23.0,91.0,812.0,1549.0,14.0,352.0,673.0,3514.0,19622000.0,5583.95
123,128,61846.0,CAMINO UNION ELEMENTARY,12.0,0.0,154.0,292.0,1.0,44.0,0.0,503.0,4226000.0,8401.59
124,129,69393.0,CAMPBELL UNION,15.0,262.0,3515.0,1809.0,46.0,648.0,1170.0,7465.0,53838000.0,7212.06
125,130,69401.0,CAMPBELL UNION HIGH,31.0,202.0,2684.0,3148.0,52.0,377.0,1316.0,7810.0,44289000.0,5670.81
126,131,72728.0,CAMPTONVILLE ELEMENTARY,10.0,4.0,91.0,335.0,3.0,72.0,4.0,519.0,5287000.0,10186.9
127,132,61671.0,CANYON ELEMENTARY,0.0,2.0,7.0,47.0,0.0,12.0,4.0,72.0,700000.0,9722.22
128,133,62554.0,CAPAY JOINT UNION ELEMENTARY,0.0,0.0,82.0,104.0,0.0,5.0,1.0,192.0,1807000.0,9411.46
129,134,66464.0,CAPISTRANO UNIFIED,112.0,736.0,14113.0,30333.0,73.0,4227.0,4019.0,53613.0,237958000.0,4438.44
130,135,68007.0,CARDIFF ELEMENTARY,0.0,1.0,132.0,513.0,0.0,49.0,9.0,704.0,3181000.0,4518.47
131,136,73551.0,CARLSBAD UNIFIED,38.0,139.0,3079.0,6269.0,25.0,834.0,783.0,11167.0,50177000.0,4493.33
132,137,65987.0,CARMEL UNIFIED,6.0,9.0,463.0,1553.0,4.0,365.0,109.0,2509.0,12511000.0,4986.45
133,138,69146.0,CARPINTERIA UNIFIED,10.0,9.0,1659.0,516.0,1.0,31.0,43.0,2269.0,9074000.0,3999.12
134,139,75598.0,CARUTHERS UNIFIED,6.0,4.0,1202.0,138.0,2.0,14.0,76.0,1442.0,19239000.0,13341.89
135,140,69914.0,CASCADE UNION ELEMENTARY,70.0,20.0,244.0,635.0,6.0,33.0,72.0,1080.0,13052000.0,12085.19
136,141,64345.0,CASTAIC UNION,2.0,52.0,942.0,988.0,4.0,79.0,167.0,2234.0,18963000.0,8488.36
137,142,69922.0,CASTLE ROCK UNION ELEMENTARY,3.0,2.0,9.0,30.0,0.0,6.0,0.0,50.0,678000.0,13560.0
138,143,61150.0,CASTRO VALLEY UNIFIED,23.0,532.0,2239.0,2689.0,39.0,1027.0,2783.0,9332.0,117234000.0,12562.58
139,144,68726.0,CAYUCOS ELEMENTARY,0.0,0.0,47.0,138.0,0.0,21.0,5.0,211.0,1267000.0,6004.74
140,145,73973.0,CENTER JOINT UNIFIED,39.0,489.0,1144.0,2063.0,42.0,278.0,421.0,4476.0,45754000.0,10222.07
141,146,64352.0,CENTINELA VALLEY UNION HIGH,14.0,1236.0,5495.0,230.0,67.0,233.0,248.0,7523.0,82042000.0,10905.49
142,147,67645.0,CENTRAL ELEMENTARY,4.0,467.0,2348.0,1260.0,26.0,110.0,324.0,4539.0,47445000.0,10452.74
143,148,73965.0,CENTRAL UNIFIED,96.0,1439.0,9166.0,2527.0,44.0,245.0,2255.0,15772.0,172589000.0,10942.75
144,149,63883.0,CENTRAL UNION ELEMENTARY,131.0,128.0,663.0,598.0,14.0,162.0,81.0,1777.0,25767000.0,14500.28
145,150,63115.0,CENTRAL UNION HIGH,5.0,37.0,3871.0,159.0,1.0,5.0,41.0,4119.0,52965000.0,12858.7
146,151,66472.0,CENTRALIA ELEMENTARY,15.0,123.0,2361.0,662.0,25.0,149.0,1082.0,4417.0,44284000.0,10025.81
147,152,71043.0,CERES UNIFIED,74.0,243.0,10968.0,2147.0,114.0,140.0,796.0,14482.0,168880000.0,11661.37
148,153,67652.0,CHAFFEY JOINT UNION HIGH,93.0,1919.0,15213.0,4043.0,108.0,578.0,1940.0,23894.0,273438000.0,11443.79
149,154,64378.0,CHARTER OAK UNIFIED,24.0,147.0,3249.0,957.0,16.0,146.0,357.0,4896.0,52553000.0,10733.86
150,155,71050.0,CHATOM UNION,0.0,0.0,403.0,184.0,0.0,14.0,0.0,601.0,5790000.0,9633.94
151,156,75606.0,CHAWANAKEE UNIFIED,109.0,18.0,207.0,668.0,1.0,38.0,13.0,1054.0,9705000.0,9207.78
152,157,66316.0,CHICAGO PARK ELEMENTARY,3.0,0.0,23.0,140.0,0.0,12.0,4.0,182.0,2068000.0,11362.64
153,158,61424.0,CHICO UNIFIED,221.0,359.0,3274.0,8429.0,71.0,766.0,831.0,13951.0,124786000.0,8944.59
154,159,67678.0,CHINO VALLEY UNIFIED,24.0,952.0,16518.0,5197.0,63.0,654.0,5478.0,28886.0,282297000.0,9772.8
155,160,65193.0,CHOWCHILLA ELEMENTARY,8.0,41.0,1428.0,644.0,4.0,33.0,45.0,2203.0,23314000.0,10582.84
156,161,65201.0,CHOWCHILLA UNION HIGH,9.0,21.0,642.0,370.0,1.0,8.0,22.0,1073.0,9796000.0,9129.54
157,162,65995.0,CHUALAR UNION,0.0,0.0,336.0,2.0,0.0,0.0,0.0,338.0,4357000.0,12890.53
158,163,68023.0,CHULA VISTA ELEMENTARY,47.0,1073.0,21148.0,3268.0,120.0,1013.0,3384.0,30053.0,276287000.0,9193.33
159,164,67462.0,CIENEGA UNION ELEMENTARY,0.0,0.0,11.0,12.0,0.0,0.0,0.0,23.0,290000.0,12608.7
160,165,70649.0,CINNABAR ELEMENTARY,0.0,2.0,175.0,85.0,2.0,4.0,2.0,270.0,3853000.0,14270.37
161,166,64394.0,CLAREMONT UNIFIED,14.0,342.0,2931.0,2418.0,20.0,563.0,778.0,7066.0,75294000.0,10655.82
162,167,62109.0,CLAY JOINT ELEMENTARY,0.0,0.0,67.0,154.0,0.0,14.0,9.0,244.0,2237000.0,9168.03
163,168,66324.0,CLEAR CREEK ELEMENTARY,1.0,0.0,14.0,124.0,0.0,6.0,0.0,145.0,988000.0,6813.79
164,169,70656.0,CLOVERDALE UNIFIED,41.0,7.0,772.0,542.0,4.0,38.0,14.0,1418.0,9072000.0,6397.74
165,170,62117.0,CLOVIS UNIFIED,284.0,1338.0,15681.0,17321.0,103.0,1322.0,6697.0,42746.0,441821000.0,10335.96
166,171,73676.0,COACHELLA VALLEY UNIFIED,92.0,35.0,18290.0,156.0,0.0,125.0,21.0,18719.0,255366000.0,13642.07
167,172,62125.0,COALINGA-HURON UNIFIED,14.0,46.0,3746.0,455.0,1.0,96.0,92.0,4450.0,54050000.0,12146.07
168,173,75465.0,COAST UNIFIED,3.0,6.0,405.0,207.0,3.0,18.0,7.0,649.0,3379000.0,5206.47
169,174,71670.0,COFFEE CREEK ELEMENTARY,0.0,0.0,0.0,4.0,0.0,3.0,0.0,7.0,191000.0,27285.71
170,175,69161.0,COLD SPRING ELEMENTARY,0.0,2.0,14.0,140.0,0.0,5.0,8.0,169.0,932000.0,5514.79
171,176,66795.0,COLFAX ELEMENTARY,1.0,1.0,29.0,251.0,0.0,29.0,1.0,312.0,2844000.0,9115.38
172,177,69179.0,COLLEGE ELEMENTARY,15.0,0.0,163.0,190.0,1.0,22.0,2.0,393.0,2203000.0,5605.6
173,178,67686.0,COLTON JOINT UNIFIED,53.0,1261.0,19172.0,1485.0,54.0,183.0,566.0,22774.0,281265000.0,12350.27
174,179,69948.0,COLUMBIA ELEMENTARY,31.0,7.0,153.0,989.0,0.0,143.0,40.0,1363.0,13217000.0,9696.99
175,180,72348.0,COLUMBIA UNION,9.0,10.0,51.0,404.0,3.0,44.0,10.0,531.0,4187000.0,7885.12
176,181,71852.0,COLUMBINE ELEMENTARY,0.0,2.0,175.0,12.0,0.0,6.0,12.0,207.0,1943000.0,9386.47
178,183,61598.0,COLUSA UNIFIED,57.0,1.0,1014.0,373.0,2.0,14.0,18.0,1479.0,13676000.0,9246.79
179,184,73437.0,COMPTON UNIFIED,39.0,4357.0,18531.0,113.0,126.0,259.0,27.0,23452.0,303191000.0,12928.15
180,185,73759.0,CONEJO VALLEY UNIFIED,74.0,273.0,4999.0,10591.0,45.0,860.0,2076.0,18918.0,119477000.0,6315.52
182,187,63891.0,CORCORAN JOINT UNIFIED,4.0,113.0,2991.0,205.0,0.0,4.0,17.0,3334.0,40340000.0,12099.58
183,188,71498.0,CORNING UNION ELEMENTARY,37.0,23.0,1384.0,625.0,4.0,7.0,33.0,2113.0,23721000.0,11226.22
184,189,71506.0,CORNING UNION HIGH,11.0,6.0,516.0,348.0,0.0,53.0,8.0,942.0,11487000.0,12194.27
185,190,67033.0,CORONA-NORCO UNIFIED,187.0,3173.0,28004.0,13794.0,208.0,1059.0,6580.0,53005.0,531528000.0,10027.88
186,191,68031.0,CORONADO UNIFIED,13.0,51.0,631.0,2047.0,15.0,168.0,139.0,3064.0,35927000.0,11725.52
187,192,73882.0,COTATI-ROHNERT PARK UNIFIED,40.0,134.0,2550.0,2813.0,20.0,452.0,263.0,6272.0,51213000.0,8165.34
188,193,69955.0,COTTONWOOD UNION ELEMENTARY,41.0,8.0,155.0,805.0,4.0,56.0,22.0,1091.0,10087000.0,9245.65
189,194,64436.0,COVINA-VALLEY UNIFIED,36.0,324.0,8961.0,1141.0,22.0,412.0,1014.0,11910.0,205351000.0,17241.9
190,195,67694.0,CUCAMONGA ELEMENTARY,11.0,352.0,1750.0,210.0,11.0,22.0,160.0,2516.0,36350000.0,14447.54
191,196,62737.0,CUDDEBACK UNION ELEMENTARY,8.0,0.0,13.0,103.0,0.0,9.0,0.0,133.0,1270000.0,9548.87
192,197,64444.0,CULVER CITY UNIFIED,19.0,976.0,2643.0,1831.0,20.0,544.0,823.0,6856.0,93228000.0,13598.02
193,198,69419.0,CUPERTINO UNION,22.0,115.0,932.0,2852.0,29.0,750.0,13898.0,18598.0,86467000.0,4649.26
194,199,72355.0,CURTIS CREEK ELEMENTARY,6.0,3.0,73.0,349.0,0.0,25.0,2.0,458.0,4368000.0,9537.12
195,200,71860.0,CUTLER-OROSI JOINT UNIFIED,3.0,3.0,3910.0,73.0,2.0,4.0,131.0,4126.0,59044000.0,14310.23
196,201,62745.0,CUTTEN ELEMENTARY,47.0,6.0,105.0,369.0,2.0,59.0,34.0,622.0,5449000.0,8760.45
197,202,75010.0,CUYAMA JOINT UNIFIED,1.0,2.0,182.0,56.0,0.0,2.0,2.0,245.0,3129000.0,12771.43
198,203,66480.0,CYPRESS ELEMENTARY,3.0,116.0,1123.0,940.0,25.0,242.0,1520.0,3969.0,29637000.0,7467.12
199,204,72678.0,DAVIS JOINT UNIFIED,35.0,238.0,1732.0,4551.0,23.0,501.0,1502.0,8582.0,72407000.0,8437.08
200,205,63271.0,DEATH VALLEY UNIFIED,0.0,1.0,4.0,14.0,0.0,3.0,0.0,22.0,806000.0,36636.36
201,206,68049.0,DEHESA ELEMENTARY,50.0,304.0,2046.0,2971.0,16.0,594.0,333.0,6314.0,21648000.0,3428.57
202,207,68056.0,DEL MAR UNION ELEMENTARY,6.0,33.0,467.0,2230.0,7.0,293.0,1377.0,4413.0,19764000.0,4478.59
204,209,61820.0,DEL NORTE COUNTY UNIFIED,527.0,39.0,829.0,1893.0,6.0,173.0,212.0,3679.0,38294000.0,10408.81
205,210,63412.0,DELANO JOINT UNION HIGH,3.0,22.0,3601.0,56.0,3.0,18.0,491.0,4194.0,61542000.0,14673.82
206,211,63404.0,DELANO UNION ELEMENTARY,12.0,25.0,6488.0,100.0,3.0,46.0,713.0,7387.0,99147000.0,13421.82
207,212,75366.0,DELHI UNIFIED,1.0,8.0,2355.0,185.0,3.0,10.0,82.0,2644.0,33469000.0,12658.47
208,213,70227.0,DELPHIC ELEMENTARY,3.0,0.0,10.0,32.0,0.0,12.0,0.0,57.0,742000.0,13017.54
209,214,71068.0,DENAIR UNIFIED,4.0,7.0,602.0,619.0,1.0,70.0,6.0,1309.0,10638000.0,8126.81
210,215,67041.0,DESERT CENTER UNIFIED,0.0,0.0,10.0,9.0,0.0,0.0,0.0,19.0,306000.0,16105.26
211,216,67058.0,DESERT SANDS UNIFIED,88.0,502.0,21139.0,5645.0,32.0,716.0,836.0,28958.0,322665000.0,11142.52
212,217,63420.0,DI GIORGIO ELEMENTARY,0.0,0.0,219.0,10.0,0.0,0.0,0.0,229.0,2740000.0,11965.07
213,218,75531.0,DINUBA UNIFIED,37.0,28.0,6066.0,317.0,3.0,1.0,134.0,6586.0,82776000.0,12568.48
214,219,65318.0,DIXIE ELEMENTARY,3.0,36.0,290.0,1307.0,5.0,134.0,207.0,1982.0,12344000.0,6228.05
215,220,70532.0,DIXON UNIFIED,16.0,58.0,2105.0,1225.0,10.0,176.0,73.0,3663.0,29745000.0,8120.39
216,221,75317.0,DOS PALOS ORO LOMA JOINT UNIFIED,51.0,61.0,1833.0,351.0,5.0,12.0,12.0,2325.0,29491000.0,12684.3
217,222,71696.0,DOUGLAS CITY ELEMENTARY,2.0,0.0,20.0,140.0,0.0,22.0,4.0,188.0,1954000.0,10393.62
218,223,64451.0,DOWNEY UNIFIED,39.0,609.0,19801.0,1066.0,47.0,120.0,602.0,22284.0,250652000.0,11248.07
219,224,66803.0,DRY CREEK JOINT ELEMENTARY,48.0,291.0,1303.0,3758.0,35.0,612.0,681.0,6728.0,50455000.0,7499.26
220,225,64469.0,DUARTE UNIFIED,23.0,148.0,2622.0,372.0,8.0,249.0,300.0,3722.0,42831000.0,11507.52
221,226,75093.0,DUBLIN UNIFIED,26.0,364.0,1272.0,2552.0,30.0,898.0,5517.0,10659.0,73618000.0,6906.65
222,227,71894.0,DUCOR UNION ELEMENTARY,1.0,0.0,162.0,5.0,0.0,0.0,0.0,168.0,1945000.0,11577.38
223,228,70672.0,DUNHAM ELEMENTARY,0.0,0.0,36.0,136.0,0.0,14.0,0.0,186.0,2294000.0,12333.33
224,229,70243.0,DUNSMUIR ELEMENTARY,3.0,0.0,20.0,54.0,0.0,13.0,0.0,90.0,983000.0,10922.22
225,230,70250.0,DUNSMUIR JOINT UNION HIGH,3.0,2.0,15.0,39.0,0.0,6.0,0.0,65.0,1611000.0,24784.62
226,231,61432.0,DURHAM UNIFIED,11.0,5.0,199.0,725.0,0.0,42.0,3.0,985.0,7402000.0,7514.72
227,232,71902.0,EARLIMART ELEMENTARY,0.0,5.0,1861.0,13.0,0.0,22.0,38.0,1939.0,26963000.0,13905.62
228,233,71373.0,EAST NICOLAUS JOINT UNION HIGH,4.0,3.0,75.0,210.0,3.0,10.0,10.0,315.0,2891000.0,9177.78
229,234,69427.0,EAST SIDE UNION HIGH,68.0,635.0,13867.0,1412.0,126.0,485.0,10262.0,26855.0,193642000.0,7210.65
230,235,64485.0,EAST WHITTIER CITY ELEMENTARY,11.0,69.0,7431.0,984.0,20.0,93.0,221.0,8829.0,84908000.0,9616.94
231,236,73668.0,EASTERN SIERRA UNIFIED,35.0,2.0,156.0,197.0,2.0,2.0,8.0,402.0,3713000.0,9236.32
232,237,64477.0,EASTSIDE UNION ELEMENTARY,9.0,768.0,2166.0,285.0,5.0,104.0,60.0,3397.0,40365000.0,11882.54
233,238,63438.0,EDISON ELEMENTARY,11.0,20.0,872.0,125.0,0.0,26.0,5.0,1059.0,13643000.0,12882.91
234,239,63123.0,EL CENTRO ELEMENTARY,3.0,74.0,5696.0,182.0,1.0,65.0,28.0,6049.0,64304000.0,10630.52
236,241,61853.0,EL DORADO UNION HIGH,61.0,72.0,965.0,4794.0,17.0,372.0,368.0,6649.0,49775000.0,7486.09
237,242,64501.0,EL MONTE CITY,0.0,22.0,6776.0,124.0,5.0,0.0,1526.0,8453.0,120913000.0,14304.15
238,243,64519.0,EL MONTE UNION HIGH,6.0,28.0,6870.0,120.0,6.0,21.0,1891.0,8942.0,135028000.0,15100.42
239,244,65680.0,EL NIDO ELEMENTARY,2.0,0.0,138.0,22.0,0.0,0.0,2.0,164.0,1642000.0,10012.2
240,245,64527.0,EL RANCHO UNIFIED,4.0,23.0,8534.0,84.0,2.0,12.0,71.0,8730.0,102149000.0,11700.92
241,246,64535.0,EL SEGUNDO UNIFIED,11.0,155.0,685.0,1859.0,16.0,464.0,279.0,3469.0,52612000.0,15166.33
242,247,75168.0,EL TEJON UNIFIED,18.0,8.0,303.0,396.0,4.0,45.0,11.0,785.0,6604000.0,8412.74
243,248,67314.0,ELK GROVE UNIFIED,397.0,7857.0,16487.0,12917.0,1033.0,5643.0,18218.0,62552.0,643060000.0,10280.41
244,249,63446.0,ELK HILLS ELEMENTARY,1.0,4.0,20.0,156.0,0.0,4.0,0.0,185.0,1759000.0,9508.11
245,250,71514.0,ELKINS ELEMENTARY,1.0,0.0,3.0,11.0,0.0,0.0,0.0,15.0,180000.0,12000.0
246,251,67322.0,ELVERTA JOINT ELEMENTARY,6.0,31.0,87.0,124.0,1.0,26.0,13.0,288.0,3179000.0,11038.19
247,252,61168.0,EMERY UNIFIED,9.0,357.0,138.0,76.0,8.0,17.0,82.0,687.0,14153000.0,20601.16
248,253,71076.0,EMPIRE UNION ELEMENTARY,14.0,143.0,1831.0,734.0,25.0,154.0,124.0,3025.0,37193000.0,12295.21
249,254,68080.0,ENCINITAS UNION ELEMENTARY,22.0,50.0,1161.0,3598.0,9.0,223.0,250.0,5313.0,20601000.0,3877.47
250,255,69971.0,ENTERPRISE ELEMENTARY,92.0,74.0,640.0,2228.0,7.0,474.0,271.0,3786.0,40272000.0,10637.08
251,256,68502.0,ESCALON UNIFIED,8.0,9.0,1375.0,1377.0,2.0,62.0,62.0,2895.0,25008000.0,8638.34
252,257,68098.0,ESCONDIDO UNION,39.0,276.0,13482.0,3636.0,21.0,751.0,760.0,18965.0,178036000.0,9387.61
253,258,68106.0,ESCONDIDO UNION HIGH,25.0,212.0,5983.0,2574.0,27.0,203.0,481.0,9505.0,87998000.0,9258.07
254,259,72686.0,ESPARTO UNIFIED,6.0,11.0,724.0,199.0,2.0,13.0,12.0,967.0,9234000.0,9549.12
255,260,67702.0,ETIWANDA ELEMENTARY,28.0,1420.0,6237.0,3308.0,38.0,728.0,2233.0,13992.0,156692000.0,11198.68
256,261,75515.0,EUREKA CITY SCHOOLS,212.0,96.0,817.0,1805.0,57.0,358.0,422.0,3767.0,34414000.0,9135.65
257,262,66829.0,EUREKA UNION,23.0,76.0,362.0,2263.0,4.0,305.0,350.0,3383.0,20923000.0,6184.75
258,263,69435.0,EVERGREEN ELEMENTARY,35.0,166.0,2978.0,750.0,56.0,571.0,7238.0,11794.0,68452000.0,5803.97
259,264,71522.0,EVERGREEN UNION,36.0,5.0,179.0,911.0,3.0,42.0,16.0,1192.0,11352000.0,9523.49
260,265,76836.0,EXETER UNIFIED,22.0,25.0,1686.0,1045.0,3.0,45.0,25.0,2851.0,30435000.0,10675.2
261,266,63461.0,FAIRFAX ELEMENTARY,6.0,81.0,2370.0,128.0,1.0,52.0,61.0,2699.0,32038000.0,11870.32
262,267,70540.0,FAIRFIELD-SUISUN UNIFIED,115.0,3446.0,9042.0,4009.0,246.0,1683.0,3066.0,21607.0,216305000.0,10010.88
263,268,69989.0,FALL RIVER JOINT UNIFIED,115.0,1.0,293.0,737.0,2.0,79.0,5.0,1232.0,11680000.0,9480.52
264,269,68114.0,FALLBROOK UNION ELEMENTARY,6.0,169.0,3053.0,1546.0,7.0,161.0,64.0,5006.0,48988000.0,9785.86
265,270,68122.0,FALLBROOK UNION HIGH,25.0,43.0,1442.0,643.0,8.0,45.0,32.0,2238.0,21687000.0,9690.35
266,271,75325.0,FARMERSVILLE UNIFIED,6.0,6.0,2423.0,113.0,1.0,1.0,11.0,2561.0,34800000.0,13588.44
267,272,61440.0,FEATHER FALLS UNION ELEMENTARY,23.0,4.0,14.0,20.0,0.0,17.0,0.0,78.0,362000.0,4641.03
268,273,75374.0,FERNDALE UNIFIED,21.0,3.0,116.0,365.0,2.0,3.0,3.0,513.0,4592000.0,8951.27
269,274,62794.0,FIELDBROOK ELEMENTARY,9.0,2.0,6.0,112.0,0.0,15.0,2.0,146.0,1254000.0,8589.04
270,275,72454.0,FILLMORE UNIFIED,13.0,6.0,3429.0,267.0,1.0,22.0,15.0,3753.0,48332000.0,12878.23
271,276,73809.0,FIREBAUGH-LAS DELTAS UNIFIED,0.0,3.0,2185.0,95.0,1.0,2.0,4.0,2290.0,30616000.0,13369.43
272,277,71530.0,FLOURNOY UNION ELEMENTARY,0.0,0.0,3.0,18.0,0.0,0.0,0.0,21.0,312000.0,14857.14
273,278,67330.0,FOLSOM-CORDOVA UNIFIED,84.0,1143.0,4084.0,10212.0,149.0,1284.0,3311.0,20267.0,189402000.0,9345.34
274,279,67710.0,FONTANA UNIFIED,39.0,2078.0,33078.0,1572.0,93.0,362.0,792.0,38014.0,525675000.0,13828.46
275,280,66837.0,FORESTHILL UNION ELEMENTARY,8.0,6.0,41.0,322.0,2.0,14.0,5.0,398.0,2860000.0,7185.93
276,281,70680.0,FORESTVILLE UNION ELEMENTARY,4.0,1.0,98.0,211.0,1.0,23.0,2.0,340.0,2288000.0,6729.41
277,282,70292.0,FORKS OF SALMON ELEMENTARY,0.0,0.0,1.0,8.0,0.0,1.0,0.0,10.0,260000.0,26000.0
278,283,65565.0,FORT BRAGG UNIFIED,21.0,15.0,777.0,921.0,1.0,127.0,18.0,1880.0,18164000.0,9661.7
279,284,70698.0,FORT ROSS ELEMENTARY,0.0,0.0,12.0,12.0,0.0,0.0,0.0,24.0,352000.0,14666.67
280,285,75036.0,FORT SAGE UNIFIED,9.0,6.0,31.0,175.0,4.0,15.0,0.0,240.0,3312000.0,13800.0
281,286,76802.0,FORTUNA ELEMENTARY,39.0,8.0,474.0,745.0,0.0,98.0,13.0,1377.0,14579000.0,10587.51
282,287,62810.0,FORTUNA UNION HIGH,47.0,4.0,272.0,664.0,1.0,96.0,21.0,1105.0,10784000.0,9759.28
283,288,66498.0,FOUNTAIN VALLEY ELEMENTARY,18.0,45.0,1101.0,2441.0,37.0,351.0,2394.0,6387.0,41958000.0,6569.28
284,289,62158.0,FOWLER UNIFIED,5.0,25.0,2033.0,240.0,0.0,17.0,237.0,2557.0,29171000.0,11408.29
285,290,71381.0,FRANKLIN ELEMENTARY,2.0,3.0,104.0,277.0,0.0,47.0,45.0,478.0,3605000.0,7541.84
286,291,69450.0,FRANKLIN-MCKINLEY ELEMENTARY,9.0,158.0,6464.0,179.0,37.0,186.0,3702.0,10735.0,86664000.0,8073.03
287,292,61176.0,FREMONT UNIFIED,91.0,780.0,5200.0,4280.0,204.0,1057.0,23551.0,35163.0,286406000.0,8145.1
288,293,69468.0,FREMONT UNION HIGH,9.0,96.0,1623.0,1942.0,30.0,565.0,6543.0,10808.0,49728000.0,4601.04
289,294,69997.0,FRENCH GULCH-WHISKEYTOWN ELEMENTARY,0.0,0.0,5.0,18.0,0.0,8.0,0.0,31.0,541000.0,17451.61
290,295,62828.0,FRESHWATER ELEMENTARY,9.0,2.0,41.0,250.0,0.0,34.0,6.0,342.0,2956000.0,8643.27
292,297,62166.0,FRESNO UNIFIED,435.0,6224.0,49722.0,7298.0,261.0,1321.0,8095.0,73356.0,930428000.0,12683.73
293,298,63479.0,FRUITVALE ELEMENTARY,30.0,98.0,1220.0,1563.0,5.0,151.0,144.0,3211.0,30653000.0,9546.25
294,299,66506.0,FULLERTON ELEMENTARY,59.0,184.0,6775.0,2594.0,21.0,626.0,3104.0,13363.0,110655000.0,8280.7
295,300,66514.0,FULLERTON JOINT UNION HIGH,29.0,309.0,7712.0,2362.0,60.0,342.0,3047.0,13861.0,122416000.0,8831.69
296,301,67348.0,GALT JOINT UNION ELEMENTARY,11.0,47.0,2129.0,1217.0,24.0,67.0,121.0,3616.0,38404000.0,10620.58
297,302,67355.0,GALT JOINT UNION HIGH,7.0,34.0,1243.0,758.0,7.0,114.0,28.0,2191.0,32185000.0,14689.64
298,303,66522.0,GARDEN GROVE UNIFIED,36.0,257.0,23720.0,3544.0,254.0,774.0,15638.0,44223.0,498521000.0,11272.89
299,304,62836.0,GARFIELD ELEMENTARY,3.0,3.0,3.0,57.0,0.0,3.0,0.0,69.0,778000.0,11275.36
300,305,64550.0,GARVEY ELEMENTARY,5.0,20.0,1861.0,73.0,1.0,50.0,2795.0,4805.0,67002000.0,13944.22
301,306,75267.0,GATEWAY UNIFIED,176.0,46.0,422.0,1935.0,14.0,132.0,76.0,2801.0,29721000.0,10610.85
302,307,70318.0,GAZELLE UNION ELEMENTARY,4.0,3.0,6.0,16.0,0.0,1.0,0.0,30.0,486000.0,16200.0
303,308,63487.0,GENERAL SHAFTER ELEMENTARY,0.0,0.0,130.0,14.0,0.0,0.0,2.0,146.0,844000.0,5780.82
304,309,71548.0,GERBER UNION ELEMENTARY,12.0,1.0,294.0,107.0,0.0,10.0,2.0,426.0,4728000.0,11098.59
305,310,70706.0,GEYSERVILLE UNIFIED,0.0,2.0,157.0,86.0,0.0,3.0,2.0,250.0,1861000.0,7444.0
306,311,69484.0,GILROY UNIFIED,68.0,153.0,8388.0,2112.0,26.0,488.0,724.0,11959.0,85606000.0,7158.29
307,312,64568.0,GLENDALE UNIFIED,43.0,305.0,5756.0,14650.0,25.0,652.0,4588.0,26019.0,254875000.0,9795.73
308,313,64576.0,GLENDORA UNIFIED,14.0,92.0,3224.0,3116.0,11.0,331.0,750.0,7538.0,66283000.0,8793.18
310,315,61879.0,GOLD OAK UNION ELEMENTARY,8.0,7.0,48.0,405.0,1.0,6.0,1.0,476.0,3518000.0,7390.76
311,316,61887.0,GOLD TRAIL UNION ELEMENTARY,11.0,6.0,77.0,564.0,4.0,20.0,3.0,685.0,5060000.0,7386.86
312,317,61457.0,GOLDEN FEATHER UNION ELEMENTARY,6.0,0.0,32.0,142.0,0.0,15.0,3.0,198.0,1692000.0,8545.45
313,318,75234.0,GOLDEN PLAINS UNIFIED,1.0,13.0,1664.0,24.0,0.0,1.0,6.0,1709.0,21419000.0,12533.06
314,319,75580.0,GOLDEN VALLEY UNIFIED,18.0,22.0,761.0,977.0,0.0,42.0,50.0,1870.0,18098000.0,9678.07
315,320,69195.0,GOLETA UNION ELEMENTARY,4.0,29.0,1791.0,1273.0,1.0,209.0,264.0,3571.0,33095000.0,9267.71
316,321,75473.0,GONZALES UNIFIED,9.0,3.0,2348.0,43.0,5.0,5.0,11.0,2424.0,24364000.0,10051.16
317,322,64584.0,GORMAN JOINT,9.0,99.0,796.0,1248.0,7.0,224.0,108.0,2491.0,1454000.0,583.7
318,323,70003.0,GRANT ELEMENTARY,11.0,3.0,71.0,486.0,1.0,49.0,16.0,637.0,5695000.0,8940.35
319,324,66332.0,GRASS VALLEY ELEMENTARY,59.0,24.0,303.0,1293.0,4.0,18.0,35.0,1736.0,12698000.0,7314.52
320,325,71084.0,GRATTON ELEMENTARY,2.0,2.0,18.0,106.0,0.0,2.0,5.0,135.0,1600000.0,11851.85
321,326,70714.0,GRAVENSTEIN UNION ELEMENTARY,4.0,2.0,137.0,477.0,2.0,71.0,34.0,727.0,6581000.0,9052.27
322,327,66027.0,GRAVES ELEMENTARY,0.0,0.0,33.0,8.0,1.0,1.0,3.0,46.0,377000.0,8195.65
323,328,62851.0,GREEN POINT ELEMENTARY,0.0,0.0,0.0,10.0,0.0,1.0,0.0,11.0,208000.0,18909.09
324,329,63503.0,GREENFIELD UNION,30.0,659.0,7722.0,622.0,5.0,115.0,208.0,9361.0,117329000.0,12533.81
325,330,66035.0,GREENFIELD UNION ELEMENTARY,3.0,6.0,3448.0,45.0,4.0,3.0,13.0,3522.0,42590000.0,12092.56
326,331,70326.0,GRENADA ELEMENTARY,5.0,2.0,15.0,164.0,0.0,15.0,0.0,201.0,2081000.0,10353.23
327,332,75507.0,GRIDLEY UNIFIED,7.0,7.0,1161.0,708.0,5.0,81.0,52.0,2021.0,21589000.0,10682.34
328,333,68130.0,GROSSMONT UNION HIGH,136.0,1477.0,8403.0,9249.0,111.0,1517.0,816.0,21709.0,180286000.0,8304.67
329,334,69203.0,GUADALUPE UNION ELEMENTARY,3.0,6.0,1238.0,23.0,0.0,3.0,7.0,1280.0,15728000.0,12287.5
330,335,70722.0,GUERNEVILLE ELEMENTARY,16.0,8.0,88.0,165.0,1.0,4.0,4.0,286.0,2718000.0,9503.5
331,336,73619.0,GUSTINE UNIFIED,10.0,13.0,1512.0,290.0,4.0,36.0,25.0,1890.0,19934000.0,10547.09
332,337,73445.0,HACIENDA LA PUENTE UNIFIED,18.0,177.0,14982.0,617.0,48.0,159.0,2829.0,18830.0,262387000.0,13934.52
333,338,76562.0,HAMILTON UNIFIED,3.0,2.0,593.0,48.0,0.0,43.0,8.0,697.0,8189000.0,11748.92
334,339,63917.0,HANFORD ELEMENTARY,25.0,272.0,4428.0,949.0,7.0,169.0,104.0,5954.0,69939000.0,11746.56
335,340,63925.0,HANFORD JOINT UNION HIGH,17.0,194.0,2435.0,996.0,2.0,41.0,114.0,3799.0,44244000.0,11646.22
336,341,70334.0,HAPPY CAMP UNION ELEMENTARY,49.0,0.0,9.0,36.0,0.0,17.0,0.0,111.0,1416000.0,12756.76
337,342,69757.0,HAPPY VALLEY ELEMENTARY,2.0,1.0,6.0,87.0,0.0,21.0,8.0,125.0,871000.0,6968.0
338,343,70011.0,HAPPY VALLEY UNION ELEMENTARY,33.0,3.0,85.0,330.0,3.0,19.0,27.0,500.0,5232000.0,10464.0
339,344,70730.0,HARMONY UNION ELEMENTARY,6.0,14.0,152.0,416.0,3.0,67.0,22.0,680.0,6706000.0,9861.76
340,345,71092.0,HART-RANSOM UNION ELEMENTARY,5.0,24.0,499.0,566.0,7.0,35.0,53.0,1189.0,11135000.0,9365.01
341,346,64592.0,HAWTHORNE,26.0,1743.0,6117.0,194.0,102.0,60.0,331.0,8573.0,106370000.0,12407.56
342,347,61192.0,HAYWARD UNIFIED,71.0,2086.0,14644.0,1252.0,740.0,749.0,3380.0,22922.0,246649000.0,10760.36
343,348,75390.0,HEALDSBURG UNIFIED,7.0,10.0,990.0,571.0,5.0,9.0,19.0,1611.0,11843000.0,7351.33
344,349,63131.0,HEBER ELEMENTARY,0.0,0.0,1234.0,9.0,0.0,2.0,0.0,1245.0,14632000.0,11752.61
345,350,67736.0,HELENDALE ELEMENTARY,13.0,169.0,1226.0,1038.0,15.0,146.0,59.0,2666.0,33148000.0,12433.61
346,351,67082.0,HEMET UNIFIED,195.0,1873.0,12346.0,5940.0,69.0,853.0,434.0,21710.0,294058000.0,13544.82
347,352,64600.0,HERMOSA BEACH CITY ELEMENTARY,5.0,8.0,150.0,1011.0,10.0,128.0,66.0,1378.0,10574000.0,7673.44
348,353,75044.0,HESPERIA UNIFIED,79.0,1085.0,15244.0,3424.0,52.0,3718.0,242.0,23844.0,258693000.0,10849.4
349,354,71100.0,HICKMAN COMMUNITY CHARTER,4.0,15.0,268.0,712.0,9.0,31.0,32.0,1071.0,9424000.0,8799.25
350,355,68908.0,HILLSBOROUGH CITY ELEMENTARY,5.0,4.0,52.0,864.0,3.0,143.0,412.0,1483.0,10384000.0,7002.02
351,356,65698.0,HILMAR UNIFIED,15.0,10.0,1030.0,1300.0,2.0,27.0,19.0,2403.0,22182000.0,9230.96
352,357,67470.0,HOLLISTER,15.0,21.0,4604.0,905.0,8.0,78.0,118.0,5749.0,56859000.0,9890.24
353,358,63149.0,HOLTVILLE UNIFIED,0.0,5.0,1405.0,167.0,0.0,17.0,4.0,1598.0,18821000.0,11777.85
354,359,69211.0,HOPE ELEMENTARY,1.0,17.0,343.0,562.0,3.0,45.0,39.0,1010.0,3578000.0,3542.57
355,360,69211.0,HOPE ELEMENTARY,1.0,17.0,343.0,562.0,3.0,45.0,39.0,1010.0,2453000.0,2428.71
356,361,69211.0,HOPE ELEMENTARY,0.0,0.0,143.0,107.0,0.0,3.0,2.0,255.0,3578000.0,14031.37
357,362,69211.0,HOPE ELEMENTARY,0.0,0.0,143.0,107.0,0.0,3.0,2.0,255.0,2453000.0,9619.61
358,363,70763.0,HORICON ELEMENTARY,5.0,0.0,35.0,16.0,0.0,3.0,0.0,59.0,500000.0,8474.58
359,364,70359.0,HORNBROOK ELEMENTARY,2.0,0.0,4.0,35.0,0.0,17.0,0.0,58.0,545000.0,9396.55
360,365,71951.0,HOT SPRINGS ELEMENTARY,0.0,0.0,4.0,11.0,0.0,3.0,0.0,18.0,272000.0,15111.11
361,366,66258.0,HOWELL MOUNTAIN ELEMENTARY,1.0,3.0,45.0,32.0,0.0,1.0,4.0,86.0,613000.0,7127.91
362,367,72462.0,HUENEME ELEMENTARY,37.0,78.0,6987.0,730.0,21.0,194.0,332.0,8379.0,95326000.0,11376.78
363,368,64626.0,HUGHES-ELIZABETH LAKES UNION ELEMENTARY,1.0,2.0,57.0,132.0,0.0,9.0,1.0,202.0,1470000.0,7277.23
364,369,75549.0,HUGHSON UNIFIED,7.0,2.0,1174.0,861.0,1.0,25.0,18.0,2088.0,20580000.0,9856.32
366,371,66530.0,HUNTINGTON BEACH CITY ELEMENTARY,18.0,31.0,1395.0,4231.0,25.0,700.0,755.0,7155.0,39900000.0,5576.52
367,372,66548.0,HUNTINGTON BEACH UNION HIGH,227.0,168.0,4430.0,6207.0,103.0,551.0,4454.0,16140.0,136620000.0,8464.68
368,373,62885.0,HYDESVILLE ELEMENTARY,0.0,0.0,16.0,160.0,0.0,19.0,1.0,196.0,1392000.0,7102.04
370,376,63164.0,IMPERIAL UNIFIED,8.0,46.0,3438.0,540.0,1.0,29.0,60.0,4122.0,41789000.0,10138.04
371,377,61895.0,INDIAN DIGGINGS ELEMENTARY,0.0,0.0,3.0,12.0,0.0,2.0,0.0,17.0,239000.0,14058.82
372,378,70037.0,INDIAN SPRINGS ELEMENTARY,0.0,0.0,2.0,9.0,0.0,0.0,0.0,11.0,197000.0,17909.09
373,379,64634.0,INGLEWOOD UNIFIED,90.0,4902.0,7285.0,71.0,48.0,108.0,66.0,12570.0,139181000.0,11072.47
375,381,73650.0,IRVINE UNIFIED,66.0,672.0,3584.0,9897.0,75.0,2577.0,16502.0,33373.0,184571000.0,5530.55
376,382,63933.0,ISLAND UNION ELEMENTARY,0.0,2.0,151.0,215.0,0.0,19.0,0.0,387.0,3799000.0,9816.54
377,383,62893.0,JACOBY CREEK ELEMENTARY,7.0,4.0,53.0,331.0,0.0,45.0,15.0,455.0,3418000.0,7512.09
378,384,72363.0,JAMESTOWN ELEMENTARY,11.0,7.0,126.0,260.0,2.0,28.0,7.0,441.0,3298000.0,7478.46
379,385,68155.0,JAMUL-DULZURA UNION ELEMENTARY,5.0,13.0,409.0,358.0,0.0,42.0,16.0,843.0,6493000.0,7702.25
380,386,64105.0,JANESVILLE UNION ELEMENTARY,7.0,1.0,38.0,280.0,0.0,14.0,3.0,343.0,3082000.0,8985.42
381,387,67488.0,JEFFERSON ELEMENTARY,0.0,0.0,6.0,6.0,0.0,0.0,0.0,12.0,180000.0,15000.0
382,388,67488.0,JEFFERSON ELEMENTARY,0.0,0.0,6.0,6.0,0.0,0.0,0.0,12.0,56507000.0,4708916.67
383,389,67488.0,JEFFERSON ELEMENTARY,0.0,0.0,6.0,6.0,0.0,0.0,0.0,12.0,19209000.0,1600750.0
384,390,67488.0,JEFFERSON ELEMENTARY,15.0,152.0,2474.0,729.0,83.0,372.0,3214.0,7039.0,180000.0,25.57
385,391,67488.0,JEFFERSON ELEMENTARY,15.0,152.0,2474.0,729.0,83.0,372.0,3214.0,7039.0,56507000.0,8027.7
386,392,67488.0,JEFFERSON ELEMENTARY,15.0,152.0,2474.0,729.0,83.0,372.0,3214.0,7039.0,19209000.0,2728.94
387,393,67488.0,JEFFERSON ELEMENTARY,7.0,108.0,873.0,771.0,23.0,126.0,409.0,2317.0,180000.0,77.69
388,394,67488.0,JEFFERSON ELEMENTARY,7.0,108.0,873.0,771.0,23.0,126.0,409.0,2317.0,56507000.0,24388.0
389,395,67488.0,JEFFERSON ELEMENTARY,7.0,108.0,873.0,771.0,23.0,126.0,409.0,2317.0,19209000.0,8290.46
390,396,68924.0,JEFFERSON UNION HIGH,11.0,99.0,1367.0,750.0,53.0,404.0,2178.0,4862.0,35788000.0,7360.76
391,397,61697.0,JOHN SWETT UNIFIED,15.0,337.0,530.0,299.0,7.0,187.0,339.0,1714.0,13758000.0,8026.84
392,398,64113.0,JOHNSTONVILLE ELEMENTARY,2.0,0.0,31.0,159.0,0.0,13.0,1.0,206.0,1782000.0,8650.49
393,399,68163.0,JULIAN UNION ELEMENTARY,83.0,125.0,1408.0,2182.0,12.0,409.0,141.0,4360.0,46083000.0,10569.5
394,400,68171.0,JULIAN UNION HIGH,11.0,0.0,43.0,84.0,0.0,11.0,1.0,150.0,1242000.0,8280.0
395,401,71738.0,JUNCTION CITY ELEMENTARY,8.0,0.0,6.0,48.0,2.0,6.0,0.0,70.0,974000.0,13914.29
396,402,70045.0,JUNCTION ELEMENTARY,16.0,0.0,4.0,3.0,0.0,1.0,0.0,24.0,524000.0,21833.33
397,403,70045.0,JUNCTION ELEMENTARY,16.0,0.0,4.0,3.0,0.0,1.0,0.0,24.0,1895000.0,78958.33
398,404,70045.0,JUNCTION ELEMENTARY,9.0,1.0,32.0,227.0,0.0,8.0,2.0,279.0,524000.0,1878.14
399,405,70045.0,JUNCTION ELEMENTARY,9.0,1.0,32.0,227.0,0.0,8.0,2.0,279.0,1895000.0,6792.11
400,406,67090.0,JURUPA UNIFIED,32.0,362.0,16447.0,1761.0,46.0,280.0,266.0,19194.0,232281000.0,12101.75
401,407,70888.0,KASHIA ELEMENTARY,9.0,0.0,0.0,0.0,1.0,3.0,0.0,13.0,294000.0,22615.38
402,408,64014.0,KELSEYVILLE UNIFIED,47.0,21.0,738.0,812.0,4.0,87.0,15.0,1724.0,16991000.0,9855.57
403,409,65334.0,KENTFIELD ELEMENTARY,2.0,12.0,140.0,853.0,1.0,187.0,62.0,1257.0,10693000.0,8506.76
404,410,70789.0,KENWOOD,0.0,1.0,16.0,115.0,0.0,15.0,2.0,149.0,1410000.0,9463.09
405,411,64642.0,KEPPEL UNION ELEMENTARY,6.0,135.0,2056.0,379.0,2.0,44.0,6.0,2628.0,30923000.0,11766.74
406,412,73999.0,KERMAN UNIFIED,23.0,35.0,4325.0,477.0,0.0,16.0,258.0,5134.0,61614000.0,12001.17
408,414,63529.0,KERN HIGH,248.0,2279.0,25271.0,8464.0,69.0,859.0,1515.0,38705.0,412183000.0,10649.35
409,415,63545.0,KERNVILLE UNION ELEMENTARY,32.0,10.0,145.0,677.0,0.0,8.0,9.0,881.0,9981000.0,11329.17
410,416,71134.0,KEYES UNION,2.0,1.0,691.0,389.0,3.0,26.0,28.0,1140.0,12805000.0,11232.46
411,417,66050.0,KING CITY UNION,7.0,4.0,2493.0,125.0,0.0,17.0,35.0,2681.0,30004000.0,11191.35
412,418,62265.0,KINGS CANYON JOINT UNIFIED,33.0,16.0,8597.0,902.0,5.0,141.0,150.0,9844.0,126616000.0,12862.25
414,420,71969.0,KINGS RIVER UNION ELEMENTARY,0.0,1.0,416.0,33.0,0.0,2.0,3.0,455.0,5724000.0,12580.22
415,421,63941.0,KINGS RIVER-HARDWICK UNION ELEMENTARY,1.0,2.0,316.0,478.0,0.0,24.0,6.0,827.0,7384000.0,8928.66
416,422,62240.0,KINGSBURG ELEMENTARY CHARTER,4.0,7.0,1368.0,724.0,1.0,68.0,59.0,2231.0,21547000.0,9658.0
417,423,62257.0,KINGSBURG JOINT UNION HIGH,6.0,7.0,703.0,383.0,0.0,24.0,37.0,1160.0,11768000.0,10144.83
418,424,71555.0,KIRKWOOD ELEMENTARY,1.0,0.0,30.0,68.0,0.0,4.0,1.0,104.0,1043000.0,10028.85
419,425,63958.0,KIT CARSON UNION ELEMENTARY,5.0,19.0,571.0,220.0,4.0,16.0,2.0,837.0,10758000.0,12853.05
420,426,70375.0,KLAMATH RIVER UNION ELEMENTARY,3.0,2.0,2.0,10.0,0.0,6.0,0.0,23.0,277000.0,12043.48
421,427,62901.0,KLAMATH-TRINITY JOINT UNIFIED,819.0,5.0,48.0,94.0,3.0,28.0,2.0,999.0,58293000.0,58351.35
422,428,62919.0,KNEELAND ELEMENTARY,4.0,0.0,0.0,21.0,0.0,1.0,3.0,29.0,391000.0,13482.76
423,429,71142.0,KNIGHTS FERRY ELEMENTARY,0.0,0.0,0.0,0.0,0.0,0.0,0.0,0.0,965000.0,inf
424,430,61705.0,KNIGHTSEN ELEMENTARY,1.0,3.0,229.0,299.0,4.0,32.0,17.0,585.0,4151000.0,7095.73
425,431,64022.0,KONOCTI UNIFIED,102.0,105.0,1401.0,1494.0,6.0,241.0,16.0,3365.0,37375000.0,11106.98
426,432,64659.0,LA CANADA UNIFIED,10.0,32.0,467.0,2048.0,0.0,341.0,1234.0,4132.0,32010000.0,7746.85
427,433,66563.0,LA HABRA CITY ELEMENTARY,3.0,44.0,4150.0,342.0,3.0,60.0,124.0,4726.0,42821000.0,9060.73
428,434,68940.0,LA HONDA-PESCADERO UNIFIED,0.0,1.0,207.0,103.0,0.0,6.0,1.0,318.0,3065000.0,9638.36
429,435,68197.0,LA MESA-SPRING VALLEY,32.0,1153.0,6010.0,3414.0,90.0,953.0,637.0,12289.0,114958000.0,9354.54
430,436,61713.0,LAFAYETTE ELEMENTARY,4.0,30.0,293.0,2578.0,2.0,332.0,376.0,3615.0,24102000.0,6667.22
431,437,66555.0,LAGUNA BEACH UNIFIED,12.0,34.0,316.0,2317.0,8.0,178.0,160.0,3025.0,12855000.0,4249.59
432,438,65342.0,LAGUNA JOINT ELEMENTARY,0.0,0.0,8.0,1.0,0.0,8.0,0.0,17.0,211000.0,12411.76
433,439,66076.0,LAGUNITA ELEMENTARY,1.0,0.0,42.0,45.0,0.0,11.0,0.0,99.0,865000.0,8737.37
434,440,65359.0,LAGUNITAS ELEMENTARY,0.0,4.0,30.0,204.0,4.0,16.0,4.0,262.0,2045000.0,7805.34
436,442,62596.0,LAKE ELEMENTARY,1.0,1.0,48.0,118.0,0.0,1.0,0.0,169.0,1576000.0,9325.44
437,443,75176.0,LAKE ELSINORE UNIFIED,55.0,812.0,12997.0,6260.0,46.0,1159.0,710.0,22039.0,231883000.0,10521.48
438,444,61903.0,LAKE TAHOE UNIFIED,16.0,31.0,1675.0,1905.0,8.0,127.0,189.0,3951.0,30542000.0,7730.19
439,445,64030.0,LAKEPORT UNIFIED,145.0,16.0,478.0,782.0,1.0,78.0,34.0,1534.0,14059000.0,9164.93
440,446,69492.0,LAKESIDE JOINT,0.0,0.0,13.0,48.0,0.0,19.0,6.0,86.0,673000.0,7825.58
441,447,63552.0,LAKESIDE UNION,9.0,83.0,798.0,333.0,8.0,47.0,96.0,1374.0,13628000.0,9918.49
442,448,63966.0,LAKESIDE UNION ELEMENTARY,0.0,17.0,278.0,14.0,0.0,12.0,13.0,334.0,4071000.0,12188.62
443,449,63966.0,LAKESIDE UNION ELEMENTARY,0.0,17.0,278.0,14.0,0.0,12.0,13.0,334.0,56015000.0,167709.58
444,450,63966.0,LAKESIDE UNION ELEMENTARY,110.0,196.0,1932.0,3569.0,29.0,295.0,182.0,6313.0,4071000.0,644.86
445,451,63966.0,LAKESIDE UNION ELEMENTARY,110.0,196.0,1932.0,3569.0,29.0,295.0,182.0,6313.0,56015000.0,8872.96
446,452,76760.0,LAMMERSVILLE JOINT UNIFIED,25.0,300.0,860.0,1067.0,26.0,343.0,1901.0,4522.0,35212000.0,7786.82
447,453,63560.0,LAMONT ELEMENTARY,0.0,4.0,3012.0,43.0,1.0,7.0,8.0,3075.0,41138000.0,13378.21
448,454,64667.0,LANCASTER ELEMENTARY,56.0,4447.0,7855.0,1943.0,27.0,549.0,336.0,15213.0,163182000.0,10726.48
449,455,65367.0,LARKSPUR-CORTE MADERA,2.0,7.0,180.0,1078.0,5.0,182.0,69.0,1523.0,10862000.0,7131.98
450,456,68957.0,LAS LOMITAS ELEMENTARY,2.0,17.0,138.0,654.0,6.0,377.0,192.0,1386.0,10369000.0,7481.24
451,457,64683.0,LAS VIRGENES UNIFIED,77.0,288.0,1253.0,8569.0,18.0,482.0,860.0,11547.0,76699000.0,6642.33
453,459,64139.0,LASSEN UNION HIGH,60.0,19.0,123.0,562.0,18.0,2.0,22.0,806.0,7032000.0,8724.57
454,460,71563.0,LASSEN VIEW UNION ELEMENTARY,8.0,2.0,70.0,214.0,0.0,4.0,0.0,298.0,2565000.0,8607.38
455,461,62281.0,LATON JOINT UNIFIED,0.0,9.0,572.0,86.0,0.0,32.0,1.0,700.0,8509000.0,12155.71
456,462,61911.0,LATROBE,2.0,0.0,16.0,111.0,0.0,10.0,4.0,143.0,1618000.0,11314.69
457,463,64691.0,LAWNDALE ELEMENTARY,6.0,596.0,4599.0,271.0,44.0,199.0,313.0,6028.0,151738000.0,25172.2
458,464,73916.0,LAYTONVILLE UNIFIED,48.0,1.0,53.0,242.0,0.0,44.0,5.0,393.0,3824000.0,9730.28
459,465,65722.0,LE GRAND UNION ELEMENTARY,0.0,3.0,360.0,32.0,0.0,4.0,2.0,401.0,4509000.0,11244.39
460,466,65730.0,LE GRAND UNION HIGH,6.0,4.0,432.0,31.0,0.0,27.0,3.0,503.0,6563000.0,13047.71
461,467,75218.0,LEGGETT VALLEY UNIFIED,4.0,1.0,10.0,98.0,3.0,3.0,0.0,119.0,2619000.0,22008.4
462,468,68205.0,LEMON GROVE,26.0,602.0,2302.0,377.0,32.0,248.0,210.0,3797.0,43873000.0,11554.65
463,469,63974.0,LEMOORE UNION ELEMENTARY,24.0,144.0,2130.0,656.0,12.0,139.0,144.0,3249.0,34872000.0,10733.15
464,470,63982.0,LEMOORE UNION HIGH,73.0,130.0,1207.0,571.0,19.0,35.0,146.0,2181.0,27232000.0,12486.02
465,471,64709.0,LENNOX,4.0,296.0,6376.0,30.0,28.0,454.0,29.0,7217.0,77946000.0,10800.33
466,472,71746.0,LEWISTON ELEMENTARY,1.0,0.0,7.0,52.0,0.0,1.0,1.0,62.0,679000.0,10951.61
467,473,70797.0,LIBERTY ELEMENTARY,10.0,85.0,171.0,639.0,7.0,168.0,43.0,1123.0,4530000.0,4033.84
468,474,70797.0,LIBERTY ELEMENTARY,10.0,85.0,171.0,639.0,7.0,168.0,43.0,1123.0,4960000.0,4416.74
469,475,70797.0,LIBERTY ELEMENTARY,3.0,15.0,332.0,199.0,0.0,20.0,4.0,573.0,4530000.0,7905.76
470,476,70797.0,LIBERTY ELEMENTARY,3.0,15.0,332.0,199.0,0.0,20.0,4.0,573.0,4960000.0,8656.2
471,477,61721.0,LIBERTY UNION HIGH,36.0,750.0,2781.0,3491.0,56.0,315.0,770.0,8199.0,66952000.0,8165.87
472,478,65375.0,LINCOLN ELEMENTARY,0.0,0.0,1.0,9.0,0.0,2.0,0.0,12.0,370000.0,30833.33
473,479,68569.0,LINCOLN UNIFIED,48.0,1166.0,4427.0,2143.0,108.0,294.0,1252.0,9438.0,102855000.0,10897.97
474,480,68577.0,LINDEN UNIFIED,27.0,15.0,1302.0,774.0,4.0,27.0,65.0,2214.0,21148000.0,9551.94
475,481,71993.0,LINDSAY UNIFIED,7.0,9.0,3908.0,158.0,0.0,22.0,87.0,4191.0,66751000.0,15927.23
476,482,63586.0,LINNS VALLEY-POSO FLAT UNION,0.0,0.0,3.0,18.0,0.0,1.0,0.0,22.0,436000.0,19818.18
477,483,64717.0,LITTLE LAKE CITY ELEMENTARY,11.0,78.0,4031.0,197.0,9.0,38.0,90.0,4454.0,47522000.0,10669.51
478,484,70383.0,LITTLE SHASTA ELEMENTARY,2.0,0.0,1.0,6.0,0.0,2.0,0.0,11.0,276000.0,25090.91
479,485,69765.0,LIVE OAK ELEMENTARY,26.0,53.0,1116.0,665.0,11.0,106.0,92.0,2069.0,26113000.0,12621.07
480,486,71399.0,LIVE OAK UNIFIED,18.0,6.0,1079.0,462.0,5.0,17.0,219.0,1806.0,22414000.0,12410.85
481,487,61200.0,LIVERMORE VALLEY JOINT UNIFIED,46.0,222.0,4253.0,6875.0,42.0,1133.0,1413.0,13984.0,110398000.0,7894.59
482,488,65748.0,LIVINGSTON UNION,14.0,10.0,2151.0,84.0,10.0,7.0,246.0,2522.0,31364000.0,12436.16
483,489,68585.0,LODI UNIFIED,145.0,2140.0,13661.0,6829.0,227.0,1279.0,6516.0,30797.0,317853000.0,10320.91
484,490,62927.0,LOLETA UNION ELEMENTARY,45.0,1.0,78.0,134.0,3.0,32.0,12.0,305.0,3769000.0,12357.38
485,491,69500.0,LOMA PRIETA JOINT UNION ELEMENTARY,1.0,2.0,43.0,375.0,1.0,60.0,25.0,507.0,3398000.0,6702.17
486,492,69229.0,LOMPOC UNIFIED,50.0,316.0,6554.0,2430.0,29.0,478.0,282.0,10139.0,93096000.0,9181.97
487,493,63289.0,LONE PINE UNIFIED,44.0,2.0,158.0,70.0,0.0,18.0,7.0,299.0,2090000.0,6989.97
488,494,64725.0,LONG BEACH UNIFIED,152.0,10157.0,43148.0,10090.0,1152.0,3635.0,8094.0,76428.0,914887000.0,11970.57
489,495,66845.0,LOOMIS UNION ELEMENTARY,39.0,34.0,530.0,3272.0,4.0,164.0,150.0,4193.0,20200000.0,4817.55
490,496,73924.0,LOS ALAMITOS UNIFIED,21.0,275.0,2513.0,4777.0,60.0,693.0,1565.0,9904.0,70028000.0,7070.68
491,497,69518.0,LOS ALTOS ELEMENTARY,8.0,23.0,360.0,2142.0,5.0,521.0,1468.0,4527.0,26848000.0,5930.64
493,499,64733.0,LOS ANGELES UNIFIED,1226.0,52837.0,468734.0,63828.0,1797.0,9767.0,35432.0,633621.0,8441222000.0,13322.19
494,500,65755.0,LOS BANOS UNIFIED,51.0,191.0,8755.0,1372.0,100.0,126.0,190.0,10785.0,120580000.0,11180.34
495,501,69526.0,LOS GATOS UNION ELEMENTARY,20.0,18.0,247.0,2199.0,5.0,159.0,615.0,3263.0,14423000.0,4420.17
496,502,69534.0,LOS GATOS-SARATOGA JOINT UNION HIGH,2.0,15.0,241.0,1705.0,6.0,342.0,1035.0,3346.0,18094000.0,5407.65
497,503,71571.0,LOS MOLINOS UNIFIED,9.0,0.0,278.0,269.0,0.0,28.0,9.0,593.0,6460000.0,10893.76
498,504,64758.0,LOS NIETOS,2.0,8.0,1567.0,32.0,6.0,20.0,10.0,1645.0,19399000.0,11792.71
499,505,69245.0,LOS OLIVOS ELEMENTARY,0.0,0.0,33.0,104.0,0.0,8.0,1.0,146.0,904000.0,6191.78
500,506,63594.0,LOST HILLS UNION ELEMENTARY,0.0,2.0,560.0,1.0,0.0,2.0,2.0,567.0,6195000.0,10925.93
501,507,64766.0,LOWELL JOINT,3.0,50.0,2114.0,785.0,10.0,72.0,119.0,3153.0,24109000.0,7646.37
502,508,64048.0,LUCERNE ELEMENTARY,10.0,5.0,73.0,151.0,0.0,23.0,2.0,264.0,2765000.0,10473.48
503,509,75051.0,LUCERNE VALLEY UNIFIED,17.0,92.0,856.0,1239.0,6.0,295.0,133.0,2638.0,10849000.0,4112.59
504,510,68759.0,LUCIA MAR UNIFIED,50.0,76.0,4614.0,5191.0,24.0,385.0,281.0,10621.0,60964000.0,5739.95
505,511,69542.0,LUTHER BURBANK,0.0,11.0,481.0,11.0,1.0,10.0,6.0,520.0,5715000.0,10990.38
506,512,64774.0,LYNWOOD UNIFIED,4.0,735.0,13583.0,111.0,32.0,9.0,23.0,14497.0,186362000.0,12855.21
507,514,65243.0,MADERA UNIFIED,90.0,350.0,18586.0,1330.0,11.0,148.0,264.0,20779.0,249007000.0,11983.59
508,515,66589.0,MAGNOLIA ELEMENTARY,47.0,187.0,4478.0,607.0,66.0,74.0,818.0,6277.0,72416000.0,11536.72
509,516,63172.0,MAGNOLIA UNION ELEMENTARY,0.0,0.0,58.0,72.0,0.0,1.0,5.0,136.0,1365000.0,10036.76
510,517,73692.0,MAMMOTH UNIFIED,1.0,2.0,713.0,455.0,2.0,23.0,15.0,1211.0,5582000.0,4609.41
511,518,65573.0,MANCHESTER UNION ELEMENTARY,0.0,0.0,31.0,16.0,0.0,0.0,0.0,47.0,296000.0,6297.87
512,519,75333.0,MANHATTAN BEACH UNIFIED,6.0,126.0,807.0,4202.0,7.0,914.0,714.0,6776.0,48566000.0,7167.36
513,520,68593.0,MANTECA UNIFIED,107.0,1628.0,12871.0,4669.0,213.0,758.0,3154.0,23400.0,251007000.0,10726.79
514,521,61499.0,MANZANITA ELEMENTARY,2.0,0.0,109.0,139.0,0.0,19.0,19.0,288.0,2676000.0,9291.67
515,522,62935.0,MAPLE CREEK ELEMENTARY,1.0,1.0,1.0,5.0,0.0,4.0,0.0,12.0,361000.0,30083.33
516,523,63610.0,MAPLE ELEMENTARY,0.0,0.0,196.0,95.0,0.0,0.0,1.0,292.0,2989000.0,10236.3
517,524,71407.0,MARCUM-ILLINOIS UNION ELEMENTARY,29.0,54.0,385.0,1543.0,17.0,319.0,68.0,2415.0,2427000.0,1004.97
518,525,63628.0,MARICOPA UNIFIED,44.0,277.0,1187.0,2040.0,12.0,332.0,80.0,3972.0,6554000.0,1650.05
521,528,65532.0,MARIPOSA COUNTY UNIFIED,75.0,10.0,332.0,1263.0,0.0,132.0,27.0,1839.0,11126000.0,6050.03
522,529,61572.0,MARK TWAIN UNION ELEMENTARY,19.0,8.0,170.0,580.0,0.0,43.0,13.0,833.0,5172000.0,6208.88
523,530,70805.0,MARK WEST UNION ELEMENTARY,25.0,14.0,423.0,854.0,8.0,90.0,61.0,1475.0,10925000.0,7406.78
524,531,61739.0,MARTINEZ UNIFIED,8.0,105.0,1264.0,1978.0,16.0,498.0,265.0,4134.0,32314000.0,7816.64
525,532,72736.0,MARYSVILLE JOINT UNIFIED,269.0,363.0,4206.0,3752.0,41.0,430.0,925.0,9986.0,110891000.0,11104.65
526,533,75382.0,MATTOLE UNIFIED,24.0,6.0,99.0,526.0,1.0,79.0,2.0,737.0,7887000.0,10701.49
527,534,61606.0,MAXWELL UNIFIED,13.0,0.0,166.0,128.0,2.0,14.0,3.0,326.0,3352000.0,10282.21
528,535,63180.0,MCCABE UNION ELEMENTARY,0.0,4.0,1174.0,159.0,1.0,4.0,47.0,1389.0,11842000.0,8525.56
529,536,70409.0,MCCLOUD UNION ELEMENTARY,3.0,0.0,11.0,43.0,0.0,9.0,0.0,66.0,708000.0,10727.27
530,537,73908.0,MCFARLAND UNIFIED,1.0,15.0,3496.0,29.0,0.0,0.0,29.0,3570.0,42950000.0,12030.81
531,538,62950.0,MCKINLEYVILLE UNION ELEMENTARY,95.0,10.0,167.0,748.0,5.0,112.0,14.0,1151.0,7679000.0,6671.59
532,539,63651.0,MCKITTRICK ELEMENTARY,1.0,0.0,13.0,61.0,0.0,2.0,0.0,77.0,674000.0,8753.25
533,540,65763.0,MCSWAIN UNION ELEMENTARY,3.0,4.0,360.0,403.0,2.0,34.0,53.0,859.0,7509000.0,8741.56
534,541,63198.0,MEADOWS UNION ELEMENTARY,1.0,5.0,413.0,65.0,2.0,2.0,0.0,488.0,6424000.0,13163.93
536,543,65581.0,MENDOCINO UNIFIED,7.0,6.0,55.0,416.0,5.0,14.0,14.0,517.0,6499000.0,12570.6
537,544,75127.0,MENDOTA UNIFIED,1.0,2.0,3258.0,48.0,0.0,27.0,3.0,3339.0,43739000.0,13099.43
538,545,67116.0,MENIFEE UNION ELEMENTARY,55.0,720.0,5065.0,4481.0,67.0,601.0,687.0,11676.0,108640000.0,9304.56
539,546,68965.0,MENLO PARK CITY ELEMENTARY,4.0,35.0,460.0,1786.0,36.0,357.0,321.0,2999.0,20835000.0,6947.32
540,547,65771.0,MERCED CITY ELEMENTARY,31.0,563.0,7232.0,1611.0,19.0,342.0,1104.0,10902.0,132145000.0,12121.17
542,549,73726.0,MERCED RIVER UNION ELEMENTARY,2.0,1.0,112.0,51.0,0.0,9.0,0.0,175.0,1555000.0,8885.71
543,550,65789.0,MERCED UNION HIGH,56.0,426.0,6962.0,1724.0,25.0,147.0,1037.0,10377.0,130431000.0,12569.24
544,551,71415.0,MERIDIAN ELEMENTARY,6.0,129.0,197.0,585.0,14.0,107.0,52.0,1090.0,1502000.0,1377.98
545,552,72470.0,MESA UNION ELEMENTARY,5.0,23.0,566.0,527.0,4.0,77.0,74.0,1276.0,5472000.0,4288.4
546,553,64055.0,MIDDLETOWN UNIFIED,21.0,3.0,389.0,1148.0,4.0,95.0,20.0,1680.0,15409000.0,9172.02
547,554,63669.0,MIDWAY ELEMENTARY,1.0,0.0,8.0,73.0,0.0,3.0,0.0,85.0,660000.0,7764.71
548,555,65391.0,MILL VALLEY ELEMENTARY,7.0,22.0,238.0,2415.0,5.0,294.0,147.0,3128.0,29202000.0,9335.68
549,556,68973.0,MILLBRAE ELEMENTARY,3.0,22.0,464.0,504.0,48.0,168.0,1223.0,2432.0,15902000.0,6538.65
550,557,70052.0,MILLVILLE ELEMENTARY,2.0,0.0,13.0,218.0,0.0,16.0,2.0,251.0,2049000.0,8163.35
551,558,73387.0,MILPITAS UNIFIED,37.0,218.0,2089.0,621.0,84.0,373.0,6838.0,10260.0,85519000.0,8335.19
552,559,66084.0,MISSION UNION ELEMENTARY,0.0,0.0,93.0,28.0,0.0,1.0,4.0,126.0,1348000.0,10698.41
553,560,71167.0,MODESTO CITY ELEMENTARY,57.0,364.0,10546.0,2501.0,87.0,1102.0,673.0,15330.0,0.0,0.0
554,561,71175.0,MODESTO CITY HIGH,57.0,537.0,8547.0,4067.0,135.0,1097.0,948.0,15388.0,0.0,0.0
556,563,73585.0,MODOC JOINT UNIFIED,68.0,10.0,130.0,595.0,0.0,26.0,18.0,847.0,8227000.0,9713.11
557,564,63677.0,MOJAVE UNIFIED,23.0,855.0,1184.0,525.0,5.0,121.0,22.0,2735.0,27038000.0,9885.92
559,566,62323.0,MONROE ELEMENTARY,0.0,0.0,159.0,4.0,0.0,0.0,7.0,170.0,2209000.0,12994.12
560,567,64790.0,MONROVIA UNIFIED,11.0,356.0,3558.0,1140.0,13.0,118.0,405.0,5601.0,66353000.0,11846.63
561,568,72009.0,MONSON-SULTANA JOINT UNION ELEMENTARY,0.0,0.0,401.0,35.0,1.0,2.0,1.0,440.0,5286000.0,12013.64
562,569,70417.0,MONTAGUE ELEMENTARY,10.0,1.0,27.0,75.0,4.0,57.0,1.0,175.0,2471000.0,14120.0
563,570,70813.0,MONTE RIO UNION ELEMENTARY,0.0,1.0,9.0,62.0,0.0,16.0,2.0,90.0,1078000.0,11977.78
564,571,64808.0,MONTEBELLO UNIFIED,54.0,74.0,26222.0,299.0,18.0,128.0,603.0,27398.0,365427000.0,13337.73
565,572,69252.0,MONTECITO UNION ELEMENTARY,1.0,4.0,26.0,356.0,0.0,22.0,4.0,413.0,1443000.0,3493.95
567,574,66092.0,MONTEREY PENINSULA UNIFIED,31.0,530.0,6194.0,2123.0,210.0,717.0,927.0,10732.0,95264000.0,8876.63
568,575,70821.0,MONTGOMERY ELEMENTARY,0.0,0.0,3.0,23.0,0.0,0.0,2.0,28.0,294000.0,10500.0
569,576,73940.0,MOORPARK UNIFIED,8.0,85.0,2983.0,2719.0,9.0,279.0,389.0,6472.0,53737000.0,8303.0
570,577,61747.0,MORAGA ELEMENTARY,3.0,16.0,158.0,1145.0,2.0,261.0,313.0,1898.0,15142000.0,7977.87
571,578,69575.0,MORELAND,32.0,116.0,1501.0,1283.0,15.0,316.0,1517.0,4780.0,35276000.0,7379.92
572,579,67124.0,MORENO VALLEY UNIFIED,90.0,4742.0,23647.0,2555.0,260.0,872.0,1186.0,33352.0,477830000.0,14326.88
573,580,69583.0,MORGAN HILL UNIFIED,45.0,166.0,4571.0,2971.0,35.0,372.0,977.0,9137.0,52248000.0,5718.29
574,581,67777.0,MORONGO UNIFIED,55.0,625.0,2627.0,4463.0,75.0,388.0,233.0,8466.0,98201000.0,11599.46
575,582,61929.0,MOTHER LODE UNION ELEMENTARY,29.0,8.0,370.0,633.0,1.0,36.0,8.0,1085.0,8588000.0,7915.21
576,583,69617.0,MOUNT PLEASANT ELEMENTARY,11.0,47.0,1750.0,78.0,31.0,83.0,371.0,2371.0,77394000.0,32641.92
577,584,69773.0,MOUNTAIN ELEMENTARY,0.0,0.0,9.0,101.0,0.0,7.0,1.0,118.0,688000.0,5830.51
578,585,68213.0,MOUNTAIN EMPIRE UNIFIED,77.0,82.0,1429.0,976.0,8.0,166.0,43.0,2781.0,19438000.0,6989.57
579,586,61218.0,MOUNTAIN HOUSE ELEMENTARY,2.0,0.0,6.0,8.0,0.0,0.0,0.0,16.0,368000.0,23000.0
580,587,73700.0,MOUNTAIN UNION ELEMENTARY,13.0,1.0,27.0,30.0,0.0,5.0,0.0,76.0,634000.0,8342.11
581,588,75028.0,MOUNTAIN VALLEY UNIFIED,18.0,0.0,34.0,147.0,1.0,38.0,35.0,273.0,3850000.0,14102.56
582,589,64816.0,MOUNTAIN VIEW ELEMENTARY,3.0,14.0,6628.0,1.0,1.0,35.0,370.0,7052.0,99413000.0,14097.14
583,590,64816.0,MOUNTAIN VIEW ELEMENTARY,3.0,14.0,6628.0,1.0,1.0,35.0,370.0,7052.0,24881000.0,3528.22
584,591,64816.0,MOUNTAIN VIEW ELEMENTARY,2.0,191.0,1866.0,295.0,1.0,80.0,123.0,2558.0,99413000.0,38863.57
585,592,64816.0,MOUNTAIN VIEW ELEMENTARY,2.0,191.0,1866.0,295.0,1.0,80.0,123.0,2558.0,24881000.0,9726.74
586,593,69591.0,MOUNTAIN VIEW WHISMAN,2.0,79.0,2041.0,1546.0,28.0,534.0,895.0,5125.0,34157000.0,6664.78
587,594,69609.0,MOUNTAIN VIEW-LOS ALTOS UNION HIGH,3.0,64.0,1062.0,1702.0,20.0,233.0,992.0,4076.0,26493000.0,6499.75
588,595,67793.0,MT. BALDY JOINT ELEMENTARY,1.0,3.0,37.0,56.0,0.0,4.0,5.0,106.0,1136000.0,10716.98
589,596,61754.0,MT. DIABLO UNIFIED,77.0,1223.0,13298.0,10318.0,227.0,2863.0,3797.0,31803.0,280390000.0,8816.46
590,597,70425.0,MT. SHASTA UNION ELEMENTARY,9.0,16.0,62.0,462.0,5.0,13.0,13.0,580.0,4488000.0,7737.93
591,598,63206.0,MULBERRY ELEMENTARY,0.0,2.0,45.0,36.0,0.0,4.0,3.0,90.0,816000.0,9066.67
592,599,72504.0,MUPU ELEMENTARY,2.0,4.0,139.0,103.0,1.0,15.0,4.0,268.0,1524000.0,5686.57
593,600,63685.0,MUROC JOINT UNIFIED,12.0,148.0,494.0,924.0,8.0,217.0,78.0,1881.0,21722000.0,11548.11
594,601,75200.0,MURRIETA VALLEY UNIFIED,69.0,1196.0,8227.0,9821.0,170.0,1550.0,1881.0,22914.0,203826000.0,8895.26
596,603,66266.0,NAPA VALLEY UNIFIED,49.0,417.0,9864.0,5410.0,59.0,733.0,1648.0,18180.0,99968000.0,5498.79
597,604,68221.0,NATIONAL ELEMENTARY,6.0,93.0,4941.0,137.0,34.0,134.0,583.0,5928.0,74173000.0,12512.31
598,605,75283.0,NATOMAS UNIFIED,92.0,2552.0,4751.0,2624.0,252.0,1377.0,2983.0,14631.0,153360000.0,10481.85
599,606,67801.0,NEEDLES UNIFIED,173.0,21.0,235.0,475.0,2.0,35.0,11.0,952.0,12522000.0,13153.36
600,607,66340.0,NEVADA CITY ELEMENTARY,9.0,9.0,72.0,701.0,2.0,67.0,8.0,868.0,4150000.0,4781.11
602,609,66357.0,NEVADA JOINT UNION HIGH,41.0,23.0,320.0,2337.0,6.0,89.0,46.0,2862.0,20635000.0,7209.99
603,610,61242.0,NEW HAVEN UNIFIED,52.0,686.0,4490.0,736.0,256.0,608.0,5065.0,11893.0,116114000.0,9763.22
604,611,68619.0,NEW HOPE ELEMENTARY,0.0,8.0,170.0,15.0,0.0,3.0,3.0,199.0,2411000.0,12115.58
605,612,68627.0,NEW JERUSALEM ELEMENTARY,41.0,574.0,1823.0,1373.0,29.0,349.0,399.0,4588.0,26379000.0,5749.56
606,613,61234.0,NEWARK UNIFIED,10.0,236.0,3146.0,795.0,113.0,271.0,1261.0,5832.0,52307000.0,8968.96
607,614,66852.0,NEWCASTLE ELEMENTARY,6.0,24.0,258.0,1488.0,0.0,209.0,272.0,2257.0,11260000.0,4988.92
608,615,64832.0,NEWHALL,21.0,153.0,3223.0,2071.0,8.0,392.0,838.0,6706.0,54148000.0,8074.56
609,616,73601.0,NEWMAN-CROWS LANDING UNIFIED,4.0,55.0,2285.0,546.0,13.0,70.0,30.0,3003.0,32162000.0,10709.96
610,617,66597.0,NEWPORT-MESA UNIFIED,39.0,197.0,9635.0,9608.0,105.0,760.0,1170.0,21514.0,90586000.0,4210.56
611,618,65409.0,NICASIO,0.0,0.0,13.0,27.0,0.0,0.0,3.0,43.0,418000.0,9720.93
612,619,63693.0,NORRIS ELEMENTARY,43.0,58.0,1152.0,2322.0,4.0,307.0,212.0,4098.0,36426000.0,8888.73
613,620,67504.0,NORTH COUNTY JOINT UNION ELEMENTARY,0.0,2.0,437.0,273.0,0.0,41.0,1.0,754.0,5092000.0,6753.32
614,621,70078.0,NORTH COW CREEK ELEMENTARY,7.0,2.0,17.0,214.0,0.0,19.0,4.0,263.0,2300000.0,8745.25
615,622,73825.0,NORTH MONTEREY COUNTY UNIFIED,12.0,15.0,3852.0,611.0,13.0,52.0,58.0,4613.0,46145000.0,10003.25
616,623,62687.0,NORTHERN HUMBOLDT UNION HIGH,90.0,13.0,184.0,1202.0,4.0,213.0,33.0,1739.0,17790000.0,10230.02
617,624,64840.0,NORWALK-LA MIRADA UNIFIED,30.0,479.0,14675.0,1600.0,80.0,264.0,1246.0,18374.0,219212000.0,11930.55
618,625,65417.0,NOVATO UNIFIED,51.0,217.0,2773.0,3906.0,15.0,441.0,466.0,7869.0,58681000.0,7457.24
619,626,71423.0,NUESTRO ELEMENTARY,6.0,22.0,69.0,319.0,0.0,34.0,40.0,490.0,4640000.0,9469.39
620,627,67157.0,NUVIEW UNION,12.0,311.0,2084.0,433.0,10.0,77.0,45.0,2972.0,25867000.0,8703.57
621,628,69625.0,OAK GROVE ELEMENTARY,29.0,373.0,4982.0,1851.0,81.0,568.0,2478.0,10362.0,82148000.0,7927.81
622,629,70839.0,OAK GROVE UNION ELEMENTARY,12.0,13.0,371.0,633.0,1.0,85.0,24.0,1139.0,8966000.0,7871.82
623,630,73874.0,OAK PARK UNIFIED,18.0,64.0,427.0,2848.0,7.0,181.0,1039.0,4584.0,35715000.0,7791.23
624,631,70086.0,OAK RUN ELEMENTARY,1.0,0.0,1.0,54.0,0.0,8.0,0.0,64.0,615000.0,9609.38
625,632,72017.0,OAK VALLEY UNION ELEMENTARY,6.0,8.0,418.0,127.0,0.0,3.0,2.0,564.0,5912000.0,10482.27
626,633,68635.0,OAK VIEW UNION ELEMENTARY,1.0,1.0,178.0,193.0,4.0,16.0,9.0,402.0,3631000.0,9032.34
627,634,75564.0,OAKDALE JOINT UNIFIED,46.0,29.0,1954.0,3034.0,14.0,98.0,102.0,5277.0,45692000.0,8658.71
628,635,61259.0,OAKLAND UNIFIED,139.0,12412.0,22333.0,4919.0,447.0,2626.0,6833.0,49709.0,528417000.0,10630.21
629,636,61762.0,OAKLEY UNION ELEMENTARY,28.0,477.0,2298.0,1644.0,27.0,210.0,331.0,5015.0,40597000.0,8095.11
630,637,66613.0,OCEAN VIEW,3.0,27.0,2331.0,152.0,4.0,24.0,100.0,2641.0,31745000.0,12020.07
631,638,66613.0,OCEAN VIEW,3.0,27.0,2331.0,152.0,4.0,24.0,100.0,2641.0,64757000.0,24519.88
632,639,66613.0,OCEAN VIEW,22.0,99.0,3325.0,3243.0,24.0,470.0,1284.0,8467.0,31745000.0,3749.26
633,640,66613.0,OCEAN VIEW,22.0,99.0,3325.0,3243.0,24.0,470.0,1284.0,8467.0,64757000.0,7648.16
634,641,73569.0,OCEANSIDE UNIFIED,74.0,1006.0,11334.0,5579.0,383.0,1266.0,987.0,20629.0,188362000.0,9130.93
635,642,72520.0,OJAI UNIFIED,14.0,19.0,894.0,1498.0,5.0,65.0,42.0,2537.0,18422000.0,7261.33
636,643,70847.0,OLD ADOBE UNION,8.0,26.0,853.0,913.0,9.0,103.0,80.0,1992.0,14982000.0,7521.08
637,644,67819.0,ONTARIO-MONTCLAIR,139.0,515.0,19375.0,730.0,56.0,299.0,551.0,21665.0,273860000.0,12640.66
638,645,62331.0,ORANGE CENTER,13.0,53.0,417.0,225.0,0.0,44.0,80.0,832.0,4858000.0,5838.94
640,647,66621.0,ORANGE UNIFIED,55.0,362.0,15693.0,8175.0,88.0,847.0,3302.0,28522.0,191413000.0,6711.07
641,648,69633.0,ORCHARD ELEMENTARY,4.0,30.0,339.0,56.0,24.0,48.0,393.0,894.0,6190000.0,6923.94
642,649,69260.0,ORCUTT UNION ELEMENTARY,37.0,42.0,2457.0,2240.0,14.0,340.0,144.0,5274.0,42772000.0,8109.97
643,650,62968.0,ORICK ELEMENTARY,0.0,0.0,0.0,13.0,0.0,1.0,0.0,14.0,441000.0,31500.0
644,651,61770.0,ORINDA UNION ELEMENTARY,13.0,36.0,128.0,1712.0,4.0,179.0,470.0,2542.0,20909000.0,8225.41
645,652,75481.0,ORLAND JOINT UNIFIED,18.0,6.0,1359.0,734.0,0.0,16.0,68.0,2201.0,21325000.0,9688.78
646,654,61507.0,OROVILLE CITY ELEMENTARY,98.0,85.0,454.0,1478.0,10.0,345.0,226.0,2696.0,29027000.0,10766.69
647,655,61515.0,OROVILLE UNION HIGH,148.0,74.0,432.0,1078.0,9.0,81.0,311.0,2133.0,25638000.0,12019.69
648,656,72025.0,OUTSIDE CREEK ELEMENTARY,0.0,0.0,83.0,27.0,0.0,1.0,1.0,112.0,1145000.0,10223.21
649,657,63297.0,OWENS VALLEY UNIFIED,10.0,0.0,34.0,35.0,0.0,5.0,0.0,84.0,455000.0,5416.67
650,658,72538.0,OXNARD,18.0,195.0,15564.0,577.0,29.0,96.0,343.0,16822.0,201360000.0,11970.04
651,659,72546.0,OXNARD UNION HIGH,23.0,285.0,13191.0,2429.0,56.0,326.0,958.0,17268.0,170422000.0,9869.24
652,660,70094.0,PACHECO UNION ELEMENTARY,19.0,2.0,86.0,462.0,0.0,26.0,18.0,613.0,5436000.0,8867.86
653,661,69781.0,PACIFIC ELEMENTARY,0.0,0.0,35.0,62.0,0.0,8.0,1.0,106.0,1380000.0,13018.87
654,662,66134.0,PACIFIC GROVE UNIFIED,6.0,37.0,357.0,1288.0,14.0,162.0,214.0,2078.0,12170000.0,5856.59
655,663,62356.0,PACIFIC UNION ELEMENTARY,19.0,5.0,127.0,347.0,0.0,63.0,8.0,569.0,4581000.0,8050.97
656,664,62356.0,PACIFIC UNION ELEMENTARY,19.0,5.0,127.0,347.0,0.0,63.0,8.0,569.0,5370000.0,9437.61
657,665,62356.0,PACIFIC UNION ELEMENTARY,3.0,5.0,333.0,42.0,0.0,2.0,14.0,399.0,4581000.0,11481.2
658,666,62356.0,PACIFIC UNION ELEMENTARY,3.0,5.0,333.0,42.0,0.0,2.0,14.0,399.0,5370000.0,13458.65
659,667,68932.0,PACIFICA,8.0,41.0,803.0,1303.0,29.0,440.0,526.0,3150.0,20886000.0,6630.48
660,668,69799.0,PAJARO VALLEY UNIFIED,33.0,99.0,16671.0,3179.0,20.0,65.0,333.0,20400.0,208092000.0,10200.59
661,669,61523.0,PALERMO UNION ELEMENTARY,69.0,9.0,432.0,572.0,0.0,123.0,41.0,1246.0,13792000.0,11069.02
662,670,67173.0,PALM SPRINGS UNIFIED,103.0,1157.0,17848.0,2791.0,32.0,435.0,721.0,23087.0,285143000.0,12350.8
663,671,64857.0,PALMDALE ELEMENTARY,167.0,3364.0,16769.0,1455.0,31.0,269.0,333.0,22388.0,328583000.0,14676.75
664,672,69641.0,PALO ALTO UNIFIED,22.0,226.0,1507.0,4920.0,103.0,1109.0,4372.0,12259.0,82534000.0,6732.52
665,673,67181.0,PALO VERDE UNIFIED,17.0,203.0,2146.0,637.0,7.0,54.0,32.0,3096.0,32940000.0,10639.53
666,674,72033.0,PALO VERDE UNION ELEMENTARY,6.0,1.0,460.0,64.0,0.0,4.0,0.0,535.0,6218000.0,11622.43
667,675,64865.0,PALOS VERDES PENINSULA UNIFIED,26.0,266.0,1390.0,5480.0,19.0,800.0,3447.0,11428.0,87866000.0,7688.66
668,676,63362.0,PANAMA-BUENA VISTA UNION,66.0,1640.0,10176.0,3840.0,99.0,423.0,1656.0,17900.0,192193000.0,10737.04
669,677,67520.0,PANOCHE ELEMENTARY,0.0,0.0,6.0,0.0,0.0,0.0,0.0,6.0,68000.0,11333.33
670,678,71209.0,PARADISE ELEMENTARY,0.0,1.0,57.0,6.0,0.0,135.0,0.0,199.0,1847000.0,9281.41
671,679,61531.0,PARADISE UNIFIED,73.0,25.0,582.0,3213.0,6.0,308.0,51.0,4258.0,33962000.0,7976.05
672,680,64873.0,PARAMOUNT UNIFIED,13.0,1181.0,13617.0,182.0,104.0,125.0,183.0,15405.0,192341000.0,12485.62
673,681,62364.0,PARLIER UNIFIED,4.0,1.0,3384.0,30.0,0.0,1.0,15.0,3435.0,45609000.0,13277.73
674,682,64881.0,PASADENA UNIFIED,59.0,2382.0,10833.0,3274.0,42.0,584.0,1236.0,18410.0,174477000.0,9477.29
675,683,75457.0,PASO ROBLES JOINT UNIFIED,29.0,99.0,3620.0,2742.0,17.0,218.0,75.0,6800.0,41154000.0,6052.06
676,684,71217.0,PATTERSON JOINT UNIFIED,26.0,348.0,4433.0,737.0,101.0,189.0,228.0,6062.0,64392000.0,10622.24
677,685,62984.0,PENINSULA UNION,1.0,2.0,3.0,29.0,0.0,1.0,0.0,36.0,661000.0,18361.11
678,686,76877.0,PENN VALLEY UNION ELEMENTARY,12.0,4.0,67.0,472.0,0.0,37.0,8.0,600.0,3528000.0,5880.0
679,687,67199.0,PERRIS ELEMENTARY,8.0,450.0,5231.0,212.0,12.0,4.0,46.0,5963.0,74791000.0,12542.51
680,688,67207.0,PERRIS UNION HIGH,26.0,652.0,7700.0,1664.0,47.0,350.0,357.0,10796.0,118845000.0,11008.24
681,689,70854.0,PETALUMA CITY ELEMENTARY,15.0,29.0,761.0,1422.0,6.0,110.0,61.0,2404.0,0.0,0.0
682,690,70862.0,PETALUMA JOINT UNION HIGH,31.0,66.0,1758.0,3109.0,18.0,207.0,174.0,5363.0,0.0,0.0
683,691,61275.0,PIEDMONT CITY UNIFIED,1.0,38.0,207.0,1611.0,2.0,474.0,359.0,2692.0,32418000.0,12042.35
684,692,61614.0,PIERCE JOINT UNIFIED,0.0,21.0,1103.0,317.0,3.0,17.0,19.0,1480.0,14134000.0,9550.0
685,693,62372.0,PINE RIDGE ELEMENTARY,0.0,0.0,8.0,88.0,0.0,0.0,0.0,96.0,691000.0,7197.92
686,694,70870.0,PINER-OLIVET UNION ELEMENTARY,22.0,45.0,646.0,495.0,10.0,94.0,110.0,1422.0,12753000.0,8968.35
687,695,73379.0,PIONEER UNION ELEMENTARY,1.0,0.0,14.0,42.0,0.0,9.0,0.0,66.0,579000.0,8772.73
688,696,73379.0,PIONEER UNION ELEMENTARY,1.0,0.0,14.0,42.0,0.0,9.0,0.0,66.0,2115000.0,32045.45
689,697,73379.0,PIONEER UNION ELEMENTARY,1.0,0.0,14.0,42.0,0.0,9.0,0.0,66.0,16083000.0,243681.82
690,698,73379.0,PIONEER UNION ELEMENTARY,2.0,1.0,56.0,200.0,0.0,40.0,4.0,303.0,579000.0,1910.89
691,699,73379.0,PIONEER UNION ELEMENTARY,2.0,1.0,56.0,200.0,0.0,40.0,4.0,303.0,2115000.0,6980.2
692,700,73379.0,PIONEER UNION ELEMENTARY,2.0,1.0,56.0,200.0,0.0,40.0,4.0,303.0,16083000.0,53079.21
693,701,73379.0,PIONEER UNION ELEMENTARY,18.0,84.0,721.0,625.0,19.0,29.0,117.0,1613.0,579000.0,358.96
694,702,73379.0,PIONEER UNION ELEMENTARY,18.0,84.0,721.0,625.0,19.0,29.0,117.0,1613.0,2115000.0,1311.22
695,703,73379.0,PIONEER UNION ELEMENTARY,18.0,84.0,721.0,625.0,19.0,29.0,117.0,1613.0,16083000.0,9970.86
696,704,61788.0,PITTSBURG UNIFIED,24.0,1967.0,7323.0,625.0,178.0,448.0,914.0,11479.0,147138000.0,12818.02
697,705,72041.0,PIXLEY UNION ELEMENTARY,2.0,21.0,1038.0,39.0,0.0,0.0,6.0,1106.0,14091000.0,12740.51
698,706,66647.0,PLACENTIA-YORBA LINDA UNIFIED,54.0,339.0,10730.0,9454.0,57.0,741.0,4359.0,25734.0,199985000.0,7771.24
700,708,66886.0,PLACER HILLS UNION ELEMENTARY,7.0,5.0,53.0,620.0,0.0,29.0,7.0,721.0,3495000.0,4847.43
701,709,66894.0,PLACER UNION HIGH,47.0,26.0,555.0,3087.0,3.0,287.0,49.0,4054.0,27468000.0,6775.53
702,710,61952.0,PLACERVILLE UNION ELEMENTARY,13.0,5.0,377.0,816.0,3.0,69.0,10.0,1293.0,10976000.0,8488.79
703,711,65813.0,PLAINSBURG UNION ELEMENTARY,0.0,0.0,52.0,71.0,1.0,0.0,0.0,124.0,852000.0,6870.97
704,712,65821.0,PLANADA ELEMENTARY,2.0,5.0,782.0,15.0,0.0,0.0,3.0,807.0,9868000.0,12228.0
705,713,62638.0,PLAZA ELEMENTARY,2.0,0.0,60.0,126.0,0.0,10.0,2.0,200.0,1633000.0,8165.0
706,714,71431.0,PLEASANT GROVE JOINT UNION,1.0,1.0,27.0,150.0,3.0,8.0,4.0,194.0,1553000.0,8005.15
707,715,66373.0,PLEASANT RIDGE UNION ELEMENTARY,6.0,2.0,111.0,983.0,2.0,64.0,10.0,1178.0,5660000.0,4804.75
708,716,72553.0,PLEASANT VALLEY,27.0,203.0,2732.0,3127.0,29.0,432.0,734.0,7284.0,54581000.0,7493.27
709,717,68791.0,PLEASANT VALLEY JOINT UNION ELEMENTARY,0.0,0.0,37.0,47.0,2.0,12.0,1.0,99.0,473000.0,4777.78
710,718,72058.0,PLEASANT VIEW ELEMENTARY,2.0,0.0,422.0,4.0,0.0,16.0,32.0,476.0,6442000.0,13533.61
711,719,75101.0,PLEASANTON UNIFIED,23.0,201.0,1467.0,6330.0,34.0,704.0,6019.0,14778.0,119783000.0,8105.49
713,721,72744.0,PLUMAS LAKE ELEMENTARY,15.0,41.0,321.0,668.0,7.0,141.0,79.0,1272.0,15388000.0,12097.48
714,722,66969.0,PLUMAS UNIFIED,77.0,25.0,326.0,1559.0,2.0,121.0,23.0,2133.0,10907000.0,5113.46
715,723,65599.0,POINT ARENA JOINT UNION HIGH,11.0,0.0,76.0,59.0,0.0,1.0,1.0,148.0,0.0,0.0
716,724,61960.0,POLLOCK PINES ELEMENTARY,7.0,8.0,107.0,525.0,2.0,26.0,12.0,687.0,5780000.0,8413.39
717,725,64907.0,POMONA UNIFIED,47.0,1096.0,20746.0,886.0,37.0,279.0,1114.0,24205.0,351846000.0,14536.09
718,726,63719.0,POND UNION ELEMENTARY,1.0,0.0,184.0,6.0,0.0,1.0,4.0,196.0,2073000.0,10576.53
719,727,66282.0,POPE VALLEY UNION ELEMENTARY,2.0,0.0,35.0,18.0,0.0,3.0,0.0,58.0,261000.0,4500.0
720,728,75523.0,PORTERVILLE UNIFIED,324.0,74.0,11554.0,1722.0,60.0,243.0,391.0,14368.0,186863000.0,13005.5
721,729,68981.0,PORTOLA VALLEY ELEMENTARY,0.0,8.0,91.0,433.0,4.0,57.0,34.0,627.0,4647000.0,7411.48
722,730,73866.0,POTTER VALLEY COMMUNITY UNIFIED,10.0,2.0,107.0,142.0,0.0,9.0,0.0,270.0,3185000.0,11796.3
723,731,68296.0,POWAY UNIFIED,66.0,822.0,5299.0,16892.0,132.0,2801.0,9860.0,35872.0,256743000.0,7157.2
724,732,62646.0,PRINCETON JOINT UNIFIED,0.0,2.0,101.0,66.0,0.0,0.0,0.0,169.0,1641000.0,9710.06
725,733,62380.0,RAISIN CITY ELEMENTARY,4.0,43.0,566.0,47.0,0.0,14.0,19.0,693.0,10307000.0,14873.02
726,734,68304.0,RAMONA CITY UNIFIED,52.0,45.0,2035.0,3126.0,8.0,213.0,44.0,5523.0,42027000.0,7609.45
727,735,68312.0,RANCHO SANTA FE ELEMENTARY,2.0,5.0,72.0,468.0,0.0,49.0,45.0,641.0,3747000.0,5845.55
728,736,64162.0,RAVENDALE-TERMO ELEMENTARY,22.0,9.0,93.0,480.0,1.0,50.0,5.0,660.0,377000.0,571.21
729,737,68999.0,RAVENSWOOD CITY ELEMENTARY,4.0,255.0,3209.0,23.0,294.0,46.0,22.0,3853.0,50464000.0,13097.33
730,738,65276.0,RAYMOND-KNOWLES UNION ELEMENTARY,8.0,0.0,18.0,48.0,0.0,5.0,4.0,83.0,627000.0,7554.22
731,739,71639.0,RED BLUFF JOINT UNION HIGH,53.0,20.0,466.0,1015.0,4.0,51.0,21.0,1630.0,15097000.0,9261.96
732,740,71621.0,RED BLUFF UNION ELEMENTARY,63.0,23.0,734.0,1137.0,6.0,80.0,17.0,2060.0,22460000.0,10902.91
733,741,70110.0,REDDING ELEMENTARY,109.0,61.0,484.0,2241.0,9.0,230.0,85.0,3219.0,32244000.0,10016.78
734,742,67843.0,REDLANDS UNIFIED,79.0,1335.0,10321.0,6238.0,70.0,991.0,2361.0,21395.0,213530000.0,9980.37
735,743,75341.0,REDONDO BEACH UNIFIED,24.0,417.0,2284.0,4581.0,44.0,1334.0,1104.0,9788.0,76512000.0,7816.92
736,744,69005.0,REDWOOD CITY ELEMENTARY,7.0,91.0,6467.0,1717.0,105.0,283.0,317.0,8987.0,82528000.0,9183.04
737,745,65425.0,REED UNION ELEMENTARY,2.0,11.0,59.0,1227.0,2.0,117.0,112.0,1530.0,9052000.0,5916.34
738,746,71647.0,REEDS CREEK ELEMENTARY,7.0,1.0,16.0,121.0,0.0,6.0,0.0,151.0,1321000.0,8748.34
739,747,73932.0,REEF-SUNSET UNIFIED,3.0,1.0,2567.0,69.0,0.0,5.0,5.0,2650.0,37583000.0,14182.26
740,748,61978.0,RESCUE UNION ELEMENTARY,9.0,41.0,580.0,2674.0,10.0,172.0,234.0,3720.0,25563000.0,6871.77
741,749,67850.0,RIALTO UNIFIED,74.0,2541.0,21449.0,910.0,124.0,240.0,346.0,25684.0,326158000.0,12698.88
742,750,71654.0,RICHFIELD ELEMENTARY,2.0,1.0,109.0,117.0,0.0,8.0,5.0,242.0,2290000.0,9462.81
743,751,72082.0,RICHGROVE ELEMENTARY,3.0,0.0,597.0,7.0,0.0,0.0,16.0,623.0,12257000.0,19674.16
744,752,63578.0,RICHLAND UNION ELEMENTARY,1.0,11.0,3258.0,155.0,2.0,2.0,37.0,3466.0,42183000.0,12170.51
745,753,64170.0,RICHMOND ELEMENTARY,1.0,0.0,19.0,183.0,1.0,12.0,0.0,216.0,1768000.0,8185.19
746,754,67868.0,RIM OF THE WORLD UNIFIED,14.0,36.0,1270.0,2011.0,6.0,151.0,33.0,3521.0,28221000.0,8015.05
747,755,70896.0,RINCON VALLEY UNION ELEMENTARY,50.0,96.0,983.0,2035.0,47.0,129.0,212.0,3552.0,31833000.0,8961.99
748,756,73544.0,RIO BRAVO-GREELEY UNION ELEMENTARY,20.0,13.0,425.0,544.0,5.0,8.0,18.0,1033.0,8745000.0,8465.63
749,757,63008.0,RIO DELL ELEMENTARY,14.0,2.0,75.0,216.0,0.0,24.0,1.0,332.0,3499000.0,10539.16
750,758,72561.0,RIO ELEMENTARY,13.0,47.0,4418.0,352.0,14.0,67.0,231.0,5142.0,56468000.0,10981.72
751,759,68650.0,RIPON UNIFIED,15.0,97.0,1433.0,2101.0,18.0,296.0,258.0,4218.0,30345000.0,7194.17
752,760,67413.0,RIVER DELTA JOINT UNIFIED,14.0,35.0,1244.0,902.0,6.0,116.0,29.0,2346.0,16292000.0,6944.59
753,761,75556.0,RIVERBANK UNIFIED,9.0,28.0,2338.0,429.0,7.0,42.0,22.0,2875.0,35358000.0,12298.43
754,762,75408.0,RIVERDALE JOINT UNIFIED,9.0,13.0,1360.0,236.0,1.0,3.0,9.0,1631.0,18705000.0,11468.42
756,764,67215.0,RIVERSIDE UNIFIED,176.0,2937.0,26530.0,9668.0,175.0,1296.0,1924.0,42706.0,449254000.0,10519.69
757,765,71233.0,ROBERTS FERRY UNION ELEMENTARY,0.0,1.0,48.0,69.0,0.0,12.0,1.0,131.0,1306000.0,9969.47
758,766,67421.0,ROBLA ELEMENTARY,26.0,342.0,1037.0,325.0,63.0,71.0,420.0,2284.0,28519000.0,12486.43
759,767,72090.0,ROCKFORD ELEMENTARY,3.0,2.0,180.0,165.0,0.0,7.0,13.0,370.0,3394000.0,9172.97
760,768,75085.0,ROCKLIN UNIFIED,66.0,196.0,1900.0,8499.0,54.0,1006.0,1508.0,13229.0,91287000.0,6900.52
761,769,67231.0,ROMOLAND ELEMENTARY,8.0,191.0,2607.0,828.0,33.0,39.0,126.0,3832.0,50969000.0,13300.89
762,770,63750.0,ROSEDALE UNION ELEMENTARY,43.0,150.0,1847.0,3032.0,8.0,209.0,330.0,5619.0,60841000.0,10827.73
763,771,70904.0,ROSELAND,34.0,20.0,2633.0,84.0,4.0,41.0,36.0,2852.0,44978000.0,15770.69
764,772,64931.0,ROSEMEAD ELEMENTARY,3.0,4.0,1016.0,48.0,0.0,133.0,1307.0,2511.0,32583000.0,12976.11
765,773,66910.0,ROSEVILLE CITY ELEMENTARY,60.0,223.0,2402.0,5528.0,48.0,1056.0,1237.0,10554.0,91525000.0,8672.07
766,774,66928.0,ROSEVILLE JOINT UNION HIGH,47.0,403.0,1846.0,6074.0,64.0,536.0,1234.0,10204.0,78994000.0,7741.47
767,775,65433.0,ROSS ELEMENTARY,1.0,0.0,24.0,341.0,2.0,10.0,5.0,383.0,3744000.0,9775.46
768,776,75002.0,ROSS VALLEY ELEMENTARY,8.0,22.0,210.0,1782.0,4.0,125.0,82.0,2233.0,17108000.0,7661.44
769,777,63305.0,ROUND VALLEY JOINT ELEMENTARY,7.0,0.0,22.0,99.0,2.0,7.0,1.0,138.0,895000.0,6485.51
770,778,65607.0,ROUND VALLEY UNIFIED,250.0,0.0,124.0,51.0,0.0,10.0,0.0,435.0,6547000.0,15050.57
771,779,73452.0,ROWLAND UNIFIED,21.0,304.0,9038.0,530.0,44.0,274.0,4017.0,14228.0,173721000.0,12209.8
772,780,67439.0,SACRAMENTO CITY UNIFIED,274.0,7536.0,18460.0,8141.0,932.0,3018.0,8376.0,46737.0,526876000.0,11273.21
774,782,73635.0,SADDLEBACK VALLEY UNIFIED,45.0,394.0,9636.0,12640.0,66.0,1849.0,3088.0,27718.0,167910000.0,6057.8
775,783,66290.0,SAINT HELENA UNIFIED,7.0,4.0,603.0,555.0,1.0,15.0,14.0,1199.0,7333000.0,6115.93
776,784,71266.0,SALIDA UNION ELEMENTARY,3.0,101.0,1929.0,904.0,21.0,157.0,167.0,3282.0,30626000.0,9331.51
777,785,66142.0,SALINAS CITY ELEMENTARY,5.0,68.0,8162.0,497.0,9.0,125.0,157.0,9023.0,96553000.0,10700.76
778,786,66159.0,SALINAS UNION HIGH,21.0,134.0,12877.0,1284.0,21.0,74.0,534.0,14945.0,159986000.0,10704.98
779,787,66167.0,SAN ANTONIO UNION ELEMENTARY,1.0,8.0,55.0,75.0,0.0,16.0,2.0,157.0,1478000.0,9414.01
780,788,66175.0,SAN ARDO UNION ELEMENTARY,0.0,0.0,91.0,5.0,0.0,1.0,0.0,97.0,1086000.0,11195.88
782,790,67538.0,SAN BENITO HIGH,6.0,12.0,2149.0,765.0,1.0,38.0,72.0,3043.0,25291000.0,8311.21
783,791,67876.0,SAN BERNARDINO CITY UNIFIED,260.0,6420.0,39586.0,3167.0,229.0,2544.0,946.0,53152.0,700485000.0,13178.9
784,793,69013.0,SAN BRUNO PARK ELEMENTARY,3.0,48.0,1033.0,571.0,144.0,244.0,626.0,2669.0,18381000.0,6886.85
785,794,69021.0,SAN CARLOS ELEMENTARY,2.0,33.0,521.0,2061.0,8.0,427.0,464.0,3516.0,28387000.0,8073.66
787,796,68338.0,SAN DIEGO UNIFIED,298.0,11087.0,59806.0,29347.0,572.0,9728.0,17202.0,128040.0,929951000.0,7262.97
788,797,68346.0,SAN DIEGUITO UNION HIGH,43.0,98.0,1722.0,8459.0,24.0,342.0,2226.0,12914.0,53932000.0,4176.24
790,799,68478.0,SAN FRANCISCO UNIFIED,244.0,5367.0,18255.0,8467.0,620.0,5189.0,21991.0,60133.0,471408000.0,7839.42
791,800,75291.0,SAN GABRIEL UNIFIED,26.0,107.0,2505.0,485.0,10.0,351.0,2818.0,6302.0,56282000.0,8930.82
792,801,67249.0,SAN JACINTO UNIFIED,253.0,920.0,7756.0,1645.0,70.0,309.0,223.0,11176.0,120151000.0,10750.81
794,803,69666.0,SAN JOSE UNIFIED,111.0,799.0,17050.0,7701.0,115.0,1449.0,4779.0,32004.0,185518000.0,5796.71
795,804,67447.0,SAN JUAN UNIFIED,459.0,3648.0,11260.0,27934.0,390.0,2270.0,3292.0,49253.0,451314000.0,9163.18
796,805,61291.0,SAN LEANDRO UNIFIED,22.0,1178.0,4137.0,761.0,107.0,392.0,2041.0,8638.0,83284000.0,9641.58
797,806,61309.0,SAN LORENZO UNIFIED,34.0,1248.0,6556.0,942.0,159.0,296.0,2472.0,11707.0,120108000.0,10259.5
798,807,69807.0,SAN LORENZO VALLEY UNIFIED,18.0,40.0,799.0,3258.0,13.0,576.0,217.0,4921.0,21375000.0,4343.63
799,808,66183.0,SAN LUCAS UNION ELEMENTARY,0.0,0.0,55.0,10.0,2.0,1.0,0.0,68.0,758000.0,11147.06
800,809,68809.0,SAN LUIS COASTAL UNIFIED,29.0,67.0,2199.0,4601.0,15.0,373.0,434.0,7718.0,29428000.0,3812.9
801,811,73791.0,SAN MARCOS UNIFIED,60.0,396.0,9523.0,9323.0,97.0,48.0,1523.0,20970.0,205086000.0,9779.97
802,812,64964.0,SAN MARINO UNIFIED,3.0,19.0,217.0,733.0,7.0,269.0,1826.0,3074.0,29321000.0,9538.39
804,814,69047.0,SAN MATEO UNION HIGH,19.0,87.0,2847.0,2634.0,213.0,777.0,2527.0,9104.0,51202000.0,5624.12
805,815,69039.0,SAN MATEO-FOSTER CITY,12.0,132.0,4097.0,3091.0,279.0,961.0,3398.0,11970.0,61057000.0,5100.84
806,816,68825.0,SAN MIGUEL JOINT UNION,3.0,1.0,448.0,402.0,0.0,31.0,7.0,892.0,7723000.0,8658.07
807,817,68353.0,SAN PASQUAL UNION ELEMENTARY,1.0,10.0,146.0,341.0,0.0,41.0,14.0,553.0,4736000.0,8564.2
808,818,63214.0,SAN PASQUAL VALLEY UNIFIED,333.0,6.0,320.0,16.0,0.0,37.0,0.0,712.0,13357000.0,18759.83
809,819,65458.0,SAN RAFAEL CITY ELEMENTARY,15.0,46.0,3194.0,1269.0,11.0,40.0,183.0,4758.0,40373000.0,8485.29
810,820,65466.0,SAN RAFAEL CITY HIGH,13.0,38.0,1397.0,868.0,9.0,32.0,162.0,2519.0,13615000.0,5404.92
811,821,61804.0,SAN RAMON VALLEY UNIFIED,61.0,541.0,2843.0,13801.0,57.0,2452.0,12621.0,32376.0,196466000.0,6068.26
812,822,68379.0,SAN YSIDRO ELEMENTARY,1.0,107.0,4366.0,72.0,2.0,60.0,207.0,4815.0,48054000.0,9980.06
813,823,62414.0,SANGER UNIFIED,31.0,142.0,8143.0,1665.0,19.0,488.0,1234.0,11722.0,144337000.0,12313.34
814,824,66670.0,SANTA ANA UNIFIED,124.0,153.0,50678.0,1445.0,70.0,422.0,1613.0,54505.0,652972000.0,11980.04
816,826,76786.0,SANTA BARBARA UNIFIED,77.0,157.0,9029.0,5129.0,17.0,182.0,594.0,15185.0,80499000.0,5301.22
818,828,72579.0,SANTA CLARA ELEMENTARY,0.0,0.0,24.0,26.0,0.0,5.0,1.0,56.0,408000.0,7285.71
819,829,69674.0,SANTA CLARA UNIFIED,85.0,446.0,5391.0,3202.0,98.0,795.0,5350.0,15367.0,151278000.0,9844.34
820,830,69815.0,SANTA CRUZ CITY ELEMENTARY,5.0,36.0,844.0,1110.0,10.0,93.0,108.0,2206.0,0.0,0.0
821,831,69823.0,SANTA CRUZ CITY HIGH,21.0,58.0,1706.0,2415.0,14.0,201.0,167.0,4582.0,0.0,0.0
823,833,69310.0,SANTA MARIA JOINT UNION HIGH,23.0,80.0,6599.0,780.0,11.0,117.0,248.0,7858.0,73163000.0,9310.64
824,834,69120.0,SANTA MARIA-BONITA,30.0,71.0,15869.0,519.0,6.0,52.0,321.0,16868.0,192311000.0,11400.94
825,835,64980.0,SANTA MONICA-MALIBU UNIFIED,28.0,734.0,3266.0,5549.0,18.0,689.0,721.0,11005.0,123351000.0,11208.63
826,836,76828.0,SANTA PAULA UNIFIED,5.0,6.0,5223.0,193.0,3.0,11.0,13.0,5454.0,69187000.0,12685.55
827,837,66191.0,SANTA RITA UNION ELEMENTARY,5.0,24.0,3047.0,329.0,8.0,28.0,78.0,3519.0,33253000.0,9449.56
828,838,70912.0,SANTA ROSA ELEMENTARY,36.0,94.0,3286.0,1392.0,13.0,235.0,259.0,5315.0,0.0,0.0
829,839,70920.0,SANTA ROSA HIGH,93.0,252.0,5362.0,4098.0,55.0,664.0,739.0,11263.0,0.0,0.0
830,840,69328.0,SANTA YNEZ VALLEY UNION HIGH,10.0,2.0,408.0,492.0,0.0,39.0,5.0,956.0,3234000.0,3382.85
831,841,68361.0,SANTEE,30.0,107.0,1896.0,3759.0,20.0,725.0,224.0,6761.0,62649000.0,9266.23
832,842,69682.0,SARATOGA UNION ELEMENTARY,1.0,3.0,71.0,565.0,2.0,191.0,1073.0,1906.0,6866000.0,3602.31
833,843,72108.0,SAUCELITO ELEMENTARY,0.0,2.0,62.0,28.0,0.0,2.0,0.0,94.0,1014000.0,10787.23
834,844,64998.0,SAUGUS UNION,24.0,368.0,3190.0,4654.0,22.0,261.0,1381.0,9900.0,125123000.0,12638.69
835,845,65474.0,SAUSALITO MARIN CITY,2.0,119.0,154.0,176.0,0.0,49.0,58.0,558.0,5981000.0,10718.64
836,846,66696.0,SAVANNA ELEMENTARY,4.0,82.0,1374.0,307.0,15.0,104.0,445.0,2331.0,22585000.0,9688.97
837,847,76968.0,SBE - ACADEMIA AVANCE CHARTER,0.0,0.0,376.0,0.0,0.0,21.0,0.0,397.0,0.0,0.0
838,849,77032.0,SBE - AUDEO CHARTER II,0.0,6.0,173.0,89.0,2.0,14.0,3.0,287.0,0.0,0.0
839,850,76547.0,SBE - BARACK OBAMA CHARTER,1.0,211.0,134.0,3.0,0.0,5.0,1.0,355.0,0.0,0.0
840,851,76943.0,SBE - BAYPOINT PREPARATORY ACADEMY,1.0,25.0,171.0,164.0,1.0,9.0,12.0,383.0,0.0,0.0
841,852,76497.0,SBE - LIFELINE EDUCATION CHARTER,0.0,89.0,537.0,0.0,0.0,2.0,0.0,628.0,0.0,0.0
842,853,76893.0,SBE - MAGNOLIA SCIENCE ACADEMY SANTA ANA,4.0,4.0,529.0,74.0,0.0,12.0,16.0,639.0,0.0,0.0
843,854,75663.0,SBE - NEW WEST CHARTER,2.0,55.0,214.0,418.0,3.0,67.0,66.0,825.0,7699000.0,9332.12
844,855,76950.0,SBE - OLIVE GROVE CHARTER,2.0,4.0,157.0,117.0,1.0,14.0,3.0,298.0,0.0,0.0
845,856,76935.0,SBE - PARAMOUNT COLLEGIATE ACADEMY,0.0,9.0,26.0,44.0,0.0,1.0,2.0,82.0,0.0,0.0
846,857,75630.0,SBE - RIDGECREST CHARTER,3.0,7.0,146.0,275.0,0.0,29.0,15.0,475.0,0.0,0.0
847,858,75697.0,SBE - THE SCHOOL OF ARTS AND ENTERPRISE,3.0,35.0,543.0,90.0,6.0,61.0,7.0,745.0,0.0,0.0
848,859,76901.0,SBE - THRIVE PUBLIC,4.0,64.0,181.0,141.0,3.0,46.0,22.0,461.0,0.0,0.0
849,860,63024.0,SCOTIA UNION ELEMENTARY,5.0,0.0,23.0,155.0,1.0,25.0,2.0,211.0,2146000.0,10170.62
850,861,76455.0,SCOTT VALLEY UNIFIED,82.0,6.0,81.0,411.0,2.0,60.0,13.0,655.0,7615000.0,11625.95
851,862,75432.0,SCOTTS VALLEY UNIFIED,9.0,8.0,346.0,1784.0,2.0,255.0,101.0,2505.0,14388000.0,5743.71
852,863,70938.0,SEBASTOPOL UNION ELEMENTARY,5.0,6.0,255.0,562.0,3.0,86.0,11.0,928.0,7287000.0,7852.37
853,864,63222.0,SEELEY UNION ELEMENTARY,2.0,3.0,299.0,21.0,0.0,7.0,3.0,335.0,4382000.0,13080.6
854,865,70458.0,SEIAD ELEMENTARY,4.0,0.0,6.0,5.0,1.0,3.0,0.0,19.0,405000.0,21315.79
855,866,62430.0,SELMA UNIFIED,11.0,16.0,5824.0,316.0,5.0,11.0,276.0,6459.0,82819000.0,12822.26
856,867,63768.0,SEMITROPIC ELEMENTARY,1.0,2.0,216.0,7.0,0.0,0.0,0.0,226.0,2854000.0,12628.32
857,868,72116.0,SEQUOIA UNION ELEMENTARY,2.0,0.0,108.0,212.0,1.0,8.0,2.0,333.0,3082000.0,9255.26
858,869,69062.0,SEQUOIA UNION HIGH,35.0,255.0,4578.0,3515.0,241.0,411.0,876.0,9911.0,56556000.0,5706.39
859,870,64188.0,SHAFFER UNION ELEMENTARY,9.0,0.0,58.0,103.0,1.0,7.0,2.0,180.0,1857000.0,10316.67
860,871,68833.0,SHANDON JOINT UNIFIED,0.0,4.0,226.0,63.0,1.0,16.0,0.0,310.0,3281000.0,10583.87
862,873,70128.0,SHASTA UNION ELEMENTARY,12.0,2.0,15.0,119.0,2.0,1.0,0.0,151.0,1102000.0,7298.01
863,874,70136.0,SHASTA UNION HIGH,198.0,103.0,776.0,4009.0,16.0,319.0,310.0,5731.0,52543000.0,9168.21
864,875,71274.0,SHILOH ELEMENTARY,0.0,0.0,99.0,43.0,0.0,15.0,1.0,158.0,1788000.0,11316.46
865,876,73361.0,SHORELINE UNIFIED,6.0,1.0,294.0,194.0,4.0,8.0,8.0,515.0,7074000.0,13735.92
866,877,73742.0,SIERRA SANDS UNIFIED,75.0,288.0,1335.0,2935.0,38.0,128.0,221.0,5020.0,89959000.0,17920.12
867,878,75275.0,SIERRA UNIFIED,199.0,12.0,215.0,859.0,0.0,12.0,26.0,1323.0,9764000.0,7380.2
868,879,70177.0,SIERRA-PLUMAS JOINT UNIFIED,0.0,2.0,55.0,300.0,0.0,18.0,1.0,376.0,3414000.0,9079.79
869,880,61986.0,SILVER FORK ELEMENTARY,0.0,0.0,1.0,10.0,0.0,0.0,0.0,11.0,268000.0,24363.64
870,881,73890.0,SILVER VALLEY UNIFIED,24.0,242.0,739.0,862.0,51.0,186.0,64.0,2168.0,31350000.0,14460.33
871,882,72603.0,SIMI VALLEY UNIFIED,36.0,171.0,6147.0,8351.0,23.0,732.0,1689.0,17149.0,145536000.0,8486.56
873,884,70466.0,SISKIYOU UNION HIGH,33.0,14.0,102.0,337.0,5.0,47.0,17.0,555.0,6571000.0,11839.64
874,885,65839.0,SNELLING-MERCED FALLS UNION ELEMENTARY,1.0,1.0,34.0,38.0,0.0,2.0,0.0,76.0,685000.0,9013.16
875,886,73957.0,SNOWLINE JOINT UNIFIED,41.0,481.0,3455.0,2908.0,28.0,573.0,162.0,7648.0,81748000.0,10688.81
876,887,68387.0,SOLANA BEACH ELEMENTARY,3.0,10.0,423.0,1598.0,1.0,218.0,759.0,3012.0,16792000.0,5575.03
878,889,75440.0,SOLEDAD UNIFIED,8.0,19.0,4624.0,103.0,8.0,16.0,78.0,4856.0,61686000.0,12703.05
879,890,69336.0,SOLVANG ELEMENTARY,4.0,6.0,313.0,245.0,0.0,16.0,7.0,591.0,3325000.0,5626.06
880,891,72611.0,SOMIS UNION,0.0,0.0,164.0,81.0,0.0,11.0,3.0,259.0,1349000.0,5208.49
882,893,70953.0,SONOMA VALLEY UNIFIED,18.0,24.0,2615.0,1669.0,9.0,122.0,105.0,4562.0,25945000.0,5687.2
883,894,72371.0,SONORA ELEMENTARY,6.0,3.0,116.0,531.0,2.0,36.0,34.0,728.0,5137000.0,7056.32
884,895,72389.0,SONORA UNION HIGH,16.0,10.0,211.0,769.0,4.0,41.0,17.0,1068.0,6070000.0,5683.52
885,896,69849.0,SOQUEL UNION ELEMENTARY,9.0,12.0,631.0,1151.0,3.0,128.0,47.0,1981.0,13470000.0,6799.6
886,897,72397.0,SOULSBYVILLE ELEMENTARY,5.0,2.0,82.0,371.0,0.0,33.0,1.0,494.0,3874000.0,7842.11
887,898,68395.0,SOUTH BAY UNION,12.0,207.0,6137.0,503.0,30.0,193.0,295.0,7377.0,93379000.0,12658.13
888,899,63032.0,SOUTH BAY UNION ELEMENTARY,42.0,6.0,166.0,578.0,3.0,97.0,23.0,915.0,10397000.0,11362.84
889,900,63784.0,SOUTH FORK UNION,9.0,0.0,43.0,180.0,0.0,9.0,0.0,241.0,2876000.0,11933.61
890,901,66068.0,SOUTH MONTEREY COUNTY JOINT UNION HIGH,10.0,10.0,2102.0,115.0,0.0,22.0,14.0,2273.0,27322000.0,12020.24
891,902,65029.0,SOUTH PASADENA UNIFIED,12.0,86.0,1148.0,1348.0,5.0,501.0,1679.0,4779.0,47583000.0,9956.69
892,903,69070.0,SOUTH SAN FRANCISCO UNIFIED,18.0,128.0,4270.0,586.0,187.0,512.0,3178.0,8879.0,50811000.0,5722.6
893,904,65037.0,SOUTH WHITTIER ELEMENTARY,4.0,19.0,2753.0,89.0,4.0,4.0,45.0,2918.0,35212000.0,12067.17
894,905,63040.0,SOUTHERN HUMBOLDT JOINT UNIFIED,12.0,8.0,112.0,559.0,7.0,41.0,8.0,747.0,6369000.0,8526.1
895,906,63776.0,SOUTHERN KERN UNIFIED,29.0,348.0,1794.0,1081.0,12.0,89.0,53.0,3406.0,35988000.0,10566.06
896,907,73833.0,SOUTHERN TRINITY JOINT UNIFIED,2.0,0.0,6.0,86.0,0.0,9.0,0.0,103.0,2230000.0,21650.49
897,908,67553.0,SOUTHSIDE ELEMENTARY,0.0,2.0,131.0,43.0,0.0,60.0,0.0,236.0,1630000.0,6906.78
898,909,68403.0,SPENCER VALLEY ELEMENTARY,19.0,193.0,709.0,1004.0,17.0,222.0,112.0,2276.0,4030000.0,1770.65
899,910,66225.0,SPRECKELS UNION ELEMENTARY,2.0,4.0,305.0,525.0,0.0,80.0,57.0,973.0,6870000.0,7060.64
900,911,72132.0,SPRINGVILLE UNION ELEMENTARY,10.0,0.0,65.0,234.0,0.0,1.0,7.0,317.0,2230000.0,7034.7
901,912,63792.0,STANDARD ELEMENTARY,40.0,32.0,914.0,2033.0,0.0,76.0,35.0,3130.0,30617000.0,9781.79
903,914,71282.0,STANISLAUS UNION ELEMENTARY,28.0,201.0,1775.0,746.0,36.0,273.0,399.0,3458.0,31090000.0,8990.75
904,915,68676.0,STOCKTON UNIFIED,765.0,4453.0,26645.0,2472.0,213.0,1107.0,5326.0,40981.0,479084000.0,11690.39
905,916,72140.0,STONE CORRAL ELEMENTARY,4.0,9.0,568.0,122.0,1.0,24.0,13.0,741.0,10489000.0,14155.2
906,917,62653.0,STONY CREEK JOINT UNIFIED,43.0,0.0,7.0,40.0,0.0,7.0,0.0,97.0,1866000.0,19237.11
907,918,72157.0,STRATHMORE UNION ELEMENTARY,16.0,1.0,719.0,76.0,3.0,2.0,0.0,817.0,10213000.0,12500.61
908,919,65045.0,SULPHUR SPRINGS UNION,15.0,291.0,2909.0,1425.0,8.0,215.0,507.0,5370.0,48464000.0,9024.95
909,920,72405.0,SUMMERVILLE ELEMENTARY,33.0,3.0,71.0,253.0,0.0,42.0,0.0,402.0,3681000.0,9156.72
910,921,72413.0,SUMMERVILLE UNION HIGH,44.0,16.0,159.0,791.0,2.0,35.0,9.0,1056.0,10044000.0,9511.36
911,922,72173.0,SUNDALE UNION ELEMENTARY,3.0,3.0,389.0,419.0,0.0,1.0,6.0,821.0,7674000.0,9347.14
912,923,72181.0,SUNNYSIDE UNION ELEMENTARY,0.0,0.0,321.0,33.0,0.0,0.0,1.0,355.0,4580000.0,12901.41
913,924,69690.0,SUNNYVALE,146.0,88.0,1969.0,1455.0,54.0,682.0,2142.0,6536.0,33937000.0,5192.32
914,925,75119.0,SUNOL GLEN UNIFIED,1.0,3.0,57.0,123.0,3.0,36.0,55.0,278.0,2004000.0,7208.63
915,926,65896.0,SURPRISE VALLEY JOINT UNIFIED,16.0,0.0,26.0,72.0,0.0,1.0,1.0,116.0,1712000.0,14758.62
916,927,64196.0,SUSANVILLE ELEMENTARY,53.0,15.0,261.0,604.0,50.0,88.0,25.0,1096.0,9087000.0,8291.06
918,929,71449.0,SUTTER UNION HIGH,17.0,4.0,198.0,492.0,0.0,43.0,22.0,776.0,6609000.0,8516.75
919,930,68411.0,SWEETWATER UNION HIGH,61.0,1057.0,31293.0,2322.0,136.0,1903.0,3899.0,40671.0,461617000.0,11350.03
920,931,71290.0,SYLVAN UNION ELEMENTARY,32.0,347.0,3500.0,3095.0,96.0,560.0,769.0,8399.0,73520000.0,8753.42
921,932,63800.0,TAFT CITY,9.0,17.0,1213.0,887.0,7.0,68.0,15.0,2216.0,25907000.0,11690.88
922,933,63818.0,TAFT UNION HIGH,18.0,8.0,454.0,520.0,9.0,20.0,5.0,1034.0,20958000.0,20268.86
923,934,66944.0,TAHOE-TRUCKEE UNIFIED,19.0,11.0,1532.0,2453.0,0.0,102.0,31.0,4148.0,45517000.0,10973.24
924,935,65482.0,TAMALPAIS UNION HIGH,14.0,110.0,530.0,3412.0,20.0,272.0,331.0,4689.0,29174000.0,6221.8
925,936,63826.0,TEHACHAPI UNIFIED,32.0,70.0,1402.0,2753.0,5.0,67.0,67.0,4396.0,38329000.0,8719.06
927,938,75192.0,TEMECULA VALLEY UNIFIED,187.0,998.0,10000.0,12981.0,74.0,3030.0,2575.0,29845.0,242257000.0,8117.17
928,939,65052.0,TEMPLE CITY UNIFIED,9.0,34.0,1227.0,508.0,7.0,180.0,3916.0,5881.0,53974000.0,9177.69
929,940,68841.0,TEMPLETON UNIFIED,14.0,11.0,512.0,1682.0,5.0,120.0,44.0,2388.0,16579000.0,6942.63
930,941,72199.0,TERRA BELLA UNION ELEMENTARY,2.0,3.0,875.0,24.0,0.0,2.0,8.0,914.0,11348000.0,12415.75
931,942,61549.0,THERMALITO UNION ELEMENTARY,66.0,32.0,196.0,647.0,6.0,125.0,421.0,1493.0,20512000.0,13738.78
932,943,72207.0,THREE RIVERS UNION ELEMENTARY,1.0,0.0,31.0,88.0,0.0,15.0,5.0,140.0,712000.0,5085.71
933,944,72215.0,TIPTON ELEMENTARY,1.0,3.0,509.0,12.0,0.0,33.0,6.0,564.0,6972000.0,12361.7
934,945,65060.0,TORRANCE UNIFIED,46.0,883.0,6949.0,5320.0,120.0,2121.0,8205.0,23644.0,202580000.0,8567.92
935,946,75499.0,TRACY JOINT UNIFIED,49.0,1033.0,8294.0,3603.0,157.0,609.0,2681.0,16426.0,152990000.0,9313.89
936,947,72223.0,TRAVER JOINT ELEMENTARY,0.0,0.0,200.0,9.0,0.0,1.0,6.0,216.0,2734000.0,12657.41
937,948,70565.0,TRAVIS UNIFIED,33.0,626.0,1297.0,2130.0,71.0,583.0,824.0,5564.0,57664000.0,10363.77
938,949,67561.0,TRES PINOS UNION ELEMENTARY,1.0,0.0,34.0,86.0,0.0,3.0,0.0,124.0,763000.0,6153.23
939,950,63057.0,TRINIDAD UNION ELEMENTARY,15.0,0.0,18.0,143.0,0.0,21.0,1.0,198.0,1748000.0,8828.28
940,951,76513.0,TRINITY ALPS UNIFIED,48.0,4.0,72.0,545.0,1.0,66.0,9.0,745.0,6942000.0,9318.12
941,952,71761.0,TRINITY CENTER ELEMENTARY,0.0,0.0,1.0,13.0,0.0,0.0,0.0,14.0,264000.0,18857.14
942,953,67892.0,TRONA JOINT UNIFIED,0.0,0.0,0.0,0.0,0.0,0.0,0.0,0.0,8846000.0,inf
943,954,72231.0,TULARE CITY,30.0,285.0,7411.0,1533.0,16.0,95.0,195.0,9565.0,111889000.0,11697.75
945,956,72249.0,TULARE JOINT UNION HIGH,34.0,175.0,4060.0,1071.0,9.0,53.0,84.0,5486.0,67894000.0,12375.87
946,957,73593.0,TULELAKE BASIN JOINT UNIFIED,1.0,2.0,345.0,92.0,0.0,9.0,0.0,449.0,5207000.0,11596.88
947,959,75739.0,TURLOCK UNIFIED,100.0,296.0,8018.0,4604.0,81.0,327.0,743.0,14169.0,150618000.0,10630.11
948,960,73643.0,TUSTIN UNIFIED,44.0,457.0,11275.0,6463.0,78.0,863.0,4949.0,24129.0,184181000.0,7633.18
949,961,72421.0,TWAIN HARTE,3.0,0.0,37.0,203.0,3.0,6.0,2.0,254.0,1579000.0,6216.54
950,962,70961.0,TWIN HILLS UNION ELEMENTARY,4.0,8.0,207.0,882.0,1.0,137.0,13.0,1252.0,9752000.0,7789.14
951,963,66415.0,TWIN RIDGES ELEMENTARY,0.0,0.0,13.0,62.0,0.0,20.0,0.0,95.0,932000.0,9810.53
952,964,76505.0,TWIN RIVERS UNIFIED,241.0,4454.0,13404.0,8778.0,454.0,1775.0,2873.0,31979.0,391863000.0,12253.76
953,965,70979.0,TWO ROCK UNION,0.0,1.0,73.0,75.0,3.0,13.0,1.0,166.0,2104000.0,12674.7
954,966,65615.0,UKIAH UNIFIED,370.0,58.0,3264.0,2599.0,8.0,186.0,94.0,6579.0,64863000.0,9859.1
955,967,69708.0,UNION ELEMENTARY,14.0,70.0,927.0,2749.0,16.0,554.0,1421.0,5751.0,31053000.0,5399.58
956,968,66407.0,UNION HILL ELEMENTARY,5.0,1.0,50.0,556.0,3.0,48.0,6.0,669.0,6364000.0,9512.71
957,969,65516.0,UNION JOINT ELEMENTARY,0.0,0.0,3.0,9.0,0.0,0.0,0.0,12.0,117000.0,9750.0
958,970,75069.0,UPLAND UNIFIED,48.0,895.0,6117.0,2868.0,32.0,293.0,775.0,11028.0,104691000.0,9493.2
959,971,76976.0,UPPER LAKE UNIFIED,84.0,7.0,257.0,438.0,0.0,38.0,10.0,834.0,9756000.0,11697.84
960,972,70573.0,VACAVILLE UNIFIED,85.0,780.0,4707.0,5478.0,90.0,1111.0,701.0,12952.0,114987000.0,8877.93
961,973,75242.0,VAL VERDE UNIFIED,76.0,2893.0,14876.0,1014.0,81.0,413.0,558.0,19911.0,430096000.0,21600.92
962,974,65078.0,VALLE LINDO ELEMENTARY,0.0,0.0,1054.0,10.0,0.0,1.0,52.0,1117.0,13347000.0,11948.97
963,975,61580.0,VALLECITO UNION,8.0,1.0,100.0,440.0,1.0,36.0,6.0,592.0,2210000.0,3733.11
964,976,68437.0,VALLECITOS ELEMENTARY,4.0,2.0,260.0,67.0,3.0,3.0,2.0,341.0,2614000.0,7665.69
965,977,70581.0,VALLEJO CITY UNIFIED,60.0,4069.0,5850.0,1090.0,304.0,642.0,2539.0,14554.0,148922000.0,10232.38
966,978,75614.0,VALLEY CENTER-PAUMA UNIFIED,372.0,21.0,2120.0,1320.0,8.0,168.0,60.0,4069.0,33781000.0,8302.04
967,979,71324.0,VALLEY HOME JOINT ELEMENTARY,0.0,2.0,74.0,92.0,0.0,5.0,2.0,175.0,1279000.0,7308.57
969,981,72652.0,VENTURA UNIFIED,65.0,198.0,8791.0,6675.0,32.0,660.0,560.0,16981.0,147075000.0,8661.15
970,982,67918.0,VICTOR ELEMENTARY,138.0,2457.0,7586.0,1887.0,72.0,290.0,321.0,12751.0,144266000.0,11314.09
971,983,67934.0,VICTOR VALLEY UNION HIGH,158.0,2480.0,8020.0,2113.0,84.0,819.0,369.0,14043.0,130960000.0,9325.64
972,984,63834.0,VINELAND ELEMENTARY,0.0,0.0,711.0,8.0,0.0,5.0,2.0,726.0,10189000.0,14034.44
973,985,72256.0,VISALIA UNIFIED,231.0,441.0,19617.0,6169.0,41.0,1017.0,1416.0,28932.0,311104000.0,10752.94
974,986,69344.0,VISTA DEL MAR UNION,4.0,0.0,36.0,24.0,0.0,31.0,3.0,98.0,851000.0,8683.67
975,987,68452.0,VISTA UNIFIED,96.0,720.0,15939.0,6060.0,209.0,1110.0,917.0,25051.0,223324000.0,8914.77
976,988,61812.0,WALNUT CREEK ELEMENTARY,4.0,86.0,492.0,2089.0,7.0,288.0,623.0,3589.0,15753000.0,4389.24
977,989,73460.0,WALNUT VALLEY UNIFIED,11.0,291.0,3410.0,1140.0,80.0,477.0,9110.0,14519.0,132669000.0,9137.61
978,990,75416.0,WARNER UNIFIED,131.0,36.0,435.0,819.0,1.0,198.0,113.0,1733.0,5320000.0,3069.82
979,991,63842.0,WASCO UNION ELEMENTARY,2.0,69.0,3380.0,125.0,3.0,9.0,22.0,3610.0,47946000.0,13281.44
980,992,63859.0,WASCO UNION HIGH,1.0,29.0,1712.0,102.0,1.0,5.0,5.0,1855.0,18916000.0,10197.3
981,993,62513.0,WASHINGTON COLONY ELEMENTARY,1.0,4.0,378.0,36.0,0.0,3.0,6.0,428.0,5429000.0,12684.58
982,994,76778.0,WASHINGTON UNIFIED,69.0,454.0,3554.0,2444.0,106.0,291.0,1165.0,8083.0,91821000.0,11359.77
983,995,76778.0,WASHINGTON UNIFIED,69.0,454.0,3554.0,2444.0,106.0,291.0,1165.0,8083.0,36536000.0,4520.1
984,996,76778.0,WASHINGTON UNIFIED,48.0,235.0,2200.0,227.0,0.0,43.0,245.0,2998.0,91821000.0,30627.42
985,997,76778.0,WASHINGTON UNIFIED,48.0,235.0,2200.0,227.0,0.0,43.0,245.0,2998.0,36536000.0,12186.79
986,998,66233.0,WASHINGTON UNION ELEMENTARY,1.0,3.0,190.0,562.0,3.0,51.0,78.0,888.0,4500000.0,5067.57
987,999,75572.0,WATERFORD UNIFIED,33.0,78.0,1766.0,1606.0,12.0,288.0,193.0,3976.0,25818000.0,6493.46
988,1000,70995.0,WAUGH ELEMENTARY,2.0,15.0,206.0,529.0,1.0,93.0,63.0,909.0,7477000.0,8225.52
989,1001,72264.0,WAUKENA JOINT UNION ELEMENTARY,0.0,1.0,207.0,31.0,0.0,0.0,1.0,240.0,2954000.0,12308.33
990,1002,65862.0,WEAVER UNION,13.0,132.0,1928.0,296.0,11.0,60.0,426.0,2866.0,34322000.0,11975.58
991,1003,70482.0,WEED UNION ELEMENTARY,5.0,18.0,66.0,136.0,0.0,30.0,14.0,269.0,2501000.0,9297.4
992,1004,61796.0,WEST CONTRA COSTA UNIFIED,69.0,5186.0,16935.0,3138.0,205.0,929.0,4674.0,31136.0,309360000.0,9935.77
993,1005,65094.0,WEST COVINA UNIFIED,22.0,760.0,8712.0,1302.0,41.0,284.0,1681.0,12802.0,122909000.0,9600.77
994,1006,62539.0,WEST PARK ELEMENTARY,6.0,12.0,518.0,58.0,0.0,8.0,36.0,638.0,7881000.0,12352.66
995,1007,71001.0,WEST SIDE UNION ELEMENTARY,0.0,0.0,62.0,110.0,0.0,7.0,0.0,179.0,865000.0,4832.4
996,1008,70607.0,WEST SONOMA COUNTY UNION HIGH,17.0,25.0,405.0,1374.0,4.0,55.0,64.0,1944.0,17294000.0,8896.09
997,1009,66951.0,WESTERN PLACER UNIFIED,106.0,232.0,2334.0,5388.0,60.0,394.0,506.0,9020.0,58735000.0,6511.64
998,1010,66746.0,WESTMINSTER,30.0,63.0,4081.0,1202.0,59.0,236.0,3667.0,9338.0,107186000.0,11478.48
999,1011,63230.0,WESTMORLAND UNION ELEMENTARY,0.0,0.0,363.0,17.0,0.0,0.0,0.0,380.0,4723000.0,12428.95
1000,1012,62547.0,WESTSIDE ELEMENTARY,9.0,56.0,677.0,354.0,0.0,53.0,30.0,1179.0,13671000.0,11595.42
1001,1013,65102.0,WESTSIDE UNION ELEMENTARY,20.0,986.0,4167.0,3206.0,12.0,510.0,401.0,9302.0,83599000.0,8987.21
1002,1014,64204.0,WESTWOOD UNIFIED,17.0,5.0,54.0,248.0,0.0,18.0,4.0,346.0,2746000.0,7936.42
1003,1015,72751.0,WHEATLAND,17.0,63.0,299.0,781.0,10.0,117.0,47.0,1334.0,16268000.0,12194.9
1004,1016,72769.0,WHEATLAND UNION HIGH,9.0,25.0,223.0,364.0,2.0,95.0,21.0,739.0,7190000.0,9729.36
1005,1017,70169.0,WHITMORE UNION ELEMENTARY,1.0,3.0,25.0,159.0,1.0,26.0,1.0,216.0,2599000.0,12032.41
1006,1018,65110.0,WHITTIER CITY ELEMENTARY,12.0,40.0,5574.0,230.0,7.0,165.0,47.0,6075.0,64739000.0,10656.63
1007,1019,65128.0,WHITTIER UNION HIGH,21.0,105.0,10604.0,968.0,16.0,51.0,256.0,12021.0,163000000.0,13559.6
1008,1020,65136.0,WILLIAM S. HART UNION HIGH,83.0,1275.0,10623.0,10383.0,34.0,1512.0,2856.0,26766.0,239609000.0,8951.99
1009,1021,61622.0,WILLIAMS UNIFIED,2.0,4.0,1284.0,71.0,1.0,5.0,15.0,1382.0,13664000.0,9887.12
1010,1022,65623.0,WILLITS UNIFIED,143.0,13.0,535.0,1056.0,2.0,105.0,30.0,1884.0,17217000.0,9138.54
1011,1023,70490.0,WILLOW CREEK ELEMENTARY,3.0,0.0,2.0,25.0,0.0,9.0,0.0,39.0,605000.0,15512.82
1012,1024,67579.0,WILLOW GROVE UNION ELEMENTARY,0.0,0.0,18.0,1.0,0.0,0.0,0.0,19.0,80000.0,4210.53
1013,1025,62661.0,WILLOWS UNIFIED,36.0,8.0,707.0,565.0,5.0,29.0,74.0,1424.0,12356000.0,8676.97
1014,1026,71019.0,WILMAR UNION ELEMENTARY,2.0,0.0,40.0,179.0,2.0,8.0,2.0,233.0,1226000.0,5261.8
1015,1027,65151.0,WILSONA ELEMENTARY,15.0,145.0,896.0,205.0,0.0,50.0,4.0,1315.0,16221000.0,12335.36
1016,1028,75358.0,WINDSOR UNIFIED,56.0,33.0,2648.0,2253.0,17.0,122.0,94.0,5223.0,41561000.0,7957.3
1017,1029,71456.0,WINSHIP-ROBBINS,4.0,2.0,245.0,395.0,0.0,74.0,20.0,740.0,2489000.0,3363.51
1018,1030,72702.0,WINTERS JOINT UNIFIED,4.0,23.0,1027.0,473.0,2.0,7.0,19.0,1555.0,16339000.0,10507.4
1019,1031,65870.0,WINTON,10.0,15.0,1692.0,144.0,0.0,5.0,76.0,1942.0,25475000.0,13117.92
1020,1032,76869.0,WISEBURN UNIFIED,9.0,616.0,2227.0,834.0,23.0,377.0,215.0,4301.0,66336000.0,15423.39
1021,1033,76794.0,WOODLAKE UNIFIED,6.0,6.0,1999.0,158.0,0.0,6.0,17.0,2192.0,30840000.0,14069.34
1022,1034,72710.0,WOODLAND JOINT UNIFIED,54.0,139.0,6843.0,2243.0,36.0,206.0,556.0,10077.0,97180000.0,9643.74
1023,1035,69088.0,WOODSIDE ELEMENTARY,0.0,9.0,45.0,283.0,7.0,41.0,15.0,400.0,14636000.0,36590.0
1024,1036,72298.0,WOODVILLE UNION ELEMENTARY,0.0,0.0,426.0,9.0,0.0,0.0,1.0,436.0,6337000.0,14534.4
1025,1037,71035.0,WRIGHT ELEMENTARY,18.0,47.0,1039.0,314.0,4.0,42.0,129.0,1593.0,15815000.0,9927.81
1027,1039,76414.0,YOSEMITE UNIFIED,64.0,13.0,411.0,1515.0,1.0,151.0,33.0,2188.0,17219000.0,7869.74
1028,1040,70508.0,YREKA UNION ELEMENTARY,149.0,7.0,150.0,574.0,0.0,54.0,25.0,959.0,9436000.0,9839.42
1029,1041,70516.0,YREKA UNION HIGH,36.0,5.0,98.0,424.0,0.0,63.0,8.0,634.0,6836000.0,10782.33
1030,1042,71464.0,YUBA CITY UNIFIED,86.0,244.0,5869.0,3785.0,44.0,718.0,2538.0,13284.0,137279000.0,10334.16
1032,1044,67959.0,YUCAIPA-CALIMESA JOINT UNIFIED,42.0,153.0,4038.0,4720.0,19.0,807.0,190.0,9969.0,93604000.0,9389.51
