Agency Name,Total Revenue (TOTALREV) per Pupil ,Total Revenue - Local Sources (TLOCREV) per Pupil ,Total Revenue - State Sources (TSTREV) per Pupil,Total Revenue - Federal Sources (TFEDREV) per Pupil ,Total Current Expenditures - Instruction (TCURINST) per Pupil ,Total Current Expenditures - Support Services (TCURSSVC) per Pupil ,Total Current Expenditures - Other El-Sec Programs (TCUROTH) per Pupil,Total Current Expenditures - Salary (Z32) per Pupil ,Total Current Expenditures - Benefits (Z34) per Pupil ,Total Expenditures (TOTALEXP) per Pupil ,Total Expenditures - Capital Outlay (TCAPOUT) per Pupil ,Total Current Expenditures - Non El-Sec Programs (TNONELSE) per Pupil,Total Current Expenditures (TCURELSC) per Pupil,Instructional Expenditures (E13) per Pupil 
ABC UNIFIED,12459,2522,9171,765,6694,3883,375,6804,3110,12173,361,559,10952,6694
ACALANES UNION HIGH,16494,13736,2469,290,8047,5298,228,7498,3828,15337,873,88,13573,8047
ACKERMAN CHARTER,,,,,,,,,,,,,,
ACTON-AGUA DULCE UNIFIED,3516,1118,2273,125,1393,1373,38,1359,504,3445,407,0,2803,1393
ADELANTO ELEMENTARY,12438,1087,10291,1060,6152,4198,451,5739,2768,11248,2,41,10801,6152
ALAMEDA CNTY. STUDENT EXCHANGE PROG.,,,,,,,,,,,,,,
ALAMEDA COUNTY OFFICE OF EDUCATION,19441,12331,5049,2061,2500,12026,17,8264,2510,15115,201,359,14544,2500
ALAMEDA UNIFIED,12231,5824,5873,534,6568,3321,239,6250,2109,12869,1873,244,10129,6568
ALBANY CITY UNIFIED,19648,6960,11050,1638,8134,4431,316,7525,4259,18926,408,690,12881,8134
ALEXANDER VALLEY UNION ELEMENTARY,19392,13446,5477,469,11515,5869,254,9915,3754,19885,2008,238,17638,11515
ALHAMBRA UNIFIED,17046,3708,11513,1825,7316,4984,397,7086,3796,16986,532,65,12697,7316
ALISAL UNION,13518,2245,9934,1339,7159,3420,674,5828,2854,13596,1437,96,11253,7159
ALLENSWORTH ELEMENTARY,15141,1269,12359,1513,7603,5962,859,6872,3615,14423,0,0,14423,7603
ALPAUGH UNIFIED,6730,691,5252,787,3605,2404,392,3053,1586,7224,758,0,6401,3605
ALPINE COUNTY OFFICE OF EDUCATION,,,,,,,,,,,,,,
ALPINE COUNTY UNIFIED,38475,20550,11450,6475,14763,23163,1375,21438,9425,40925,1063,563,39300,14763
ALPINE UNION ELEMENTARY,11304,4585,6202,516,6031,3027,315,5768,2425,10128,0,155,9372,6031
ALTA LOMA ELEMENTARY,11203,3200,7540,464,6226,3009,354,5570,2764,10341,174,269,9589,6226
ALTA VISTA ELEMENTARY,13123,407,10923,1793,7654,3879,809,6477,3683,12492,108,0,12342,7654
ALTA-DUTCH FLAT UNION ELEMENTARY,11846,5192,5740,913,6663,4923,135,7115,2413,11721,0,0,11721,6663
ALUM ROCK UNION ELEMENTARY,14070,5038,7806,1226,8147,3865,623,7043,3155,14540,1419,0,12634,8147
ALVIEW-DAIRYLAND UNION ELEMENTARY,11612,3134,7430,1047,6446,3816,661,5617,2698,11205,278,0,10924,6446
ALVINA ELEMENTARY,,,,,,,,,,,,,,
ALVORD UNIFIED,13398,2563,9799,1035,7644,4091,531,7120,3334,13577,798,12,12265,7644
AMADOR COUNTY OFFICE OF EDUCATION,57923,30937,21604,5383,30964,22887,0,33532,10752,59135,2959,1964,53851,30964
AMADOR COUNTY ROP,,,,,,,,,,,,,,
AMADOR COUNTY UNIFIED,10965,6811,3659,495,5123,3670,361,5238,2260,11414,647,121,9154,5123
ANAHEIM ELEMENTARY,13672,5322,7558,792,7149,4766,0,7530,3354,13128,267,326,11915,7149
ANAHEIM UNION HIGH,14455,3872,9352,1231,7809,3869,763,6963,3753,13439,601,24,12441,7809
ANDERSON UNION HIGH,13302,5042,7416,845,6504,4918,446,6189,2826,12912,286,126,11868,6504
ANDERSON VALLEY UNIFIED,18606,7730,8992,1884,10296,5909,901,8724,4805,18256,548,142,17107,10296
ANTELOPE ELEMENTARY,11154,2380,7985,789,6511,3211,438,5841,2477,10783,401,0,10159,6511
ANTELOPE VALLEY ROP,,,,,,,,,,,,,,
ANTELOPE VALLEY SCHOOLS TRANSPORTATION AGENCY,,,,,,,,,,,,,,
ANTELOPE VALLEY UNION HIGH,13592,2592,10065,935,7136,4689,326,6934,2995,12809,359,120,12151,7136
ANTIOCH UNIFIED,12395,3552,8016,827,7457,3811,401,6605,2999,12638,650,39,11670,7457
APPLE VALLEY UNIFIED,11180,1826,8521,833,5613,2927,399,5217,2381,9630,103,202,8939,5613
ARCADIA UNIFIED,13423,7627,5353,443,7217,3406,347,7063,2590,12548,471,122,10971,7217
ARCATA ELEMENTARY,13510,4826,7650,1034,6876,4103,657,6588,3124,12774,50,449,11636,6876
ARCOHE UNION ELEMENTARY,11308,3093,7264,951,5800,3007,390,5492,2060,10093,763,0,9197,5800
ARENA UNION ELEMENTARY,,,,,,,,,,,,,,
ARENA UNION ELEMENTARY/POINT ARENA JOINT UNION HIGH,21275,16022,4074,1180,9293,7729,1111,9208,5002,20371,976,59,18132,9293
ARMONA UNION ELEMENTARY,10214,1540,7700,973,5005,2537,502,4327,2056,8809,567,43,8043,5005
AROMAS - SAN JUAN UNIFIED,13369,9796,2853,720,5864,4145,510,6034,2870,11856,289,0,10519,5864
ARVIN UNION,14553,1979,10993,1580,6768,4772,855,6793,3434,15859,2764,208,12395,6768
ATASCADERO UNIFIED,12461,7230,4600,631,6664,3820,264,6515,2533,16219,4577,20,10747,6664
ATWATER ELEMENTARY,12936,1040,10546,1350,6173,2956,646,5882,2507,10986,668,351,9776,6173
AUBURN UNION ELEMENTARY,12772,7042,4886,844,5842,3756,459,5828,2254,11140,80,3,10057,5842
AZUSA UNIFIED,15499,3746,10280,1473,8240,4732,701,7979,3076,15647,1059,95,13674,8240
BAKER VALLEY UNIFIED,22669,16444,5008,1218,12653,9710,960,10960,6056,24419,944,24,23323,12653
BAKERSFIELD CITY,13300,1029,10794,1477,7980,4060,675,6835,3565,13885,967,95,12715,7980
BALDWIN PARK UNIFIED,12457,2642,8644,1171,5956,3261,516,6289,2282,11116,286,563,9734,5956
BALDY VIEW ROP,,,,,,,,,,,,,,
BALDY VIEW ROP JPA,,,,,,,,,,,,,,
BALLARD ELEMENTARY,17411,13264,3868,279,12915,4124,0,9240,4008,18628,0,0,17039,12915
BALLICO-CRESSEY ELEMENTARY,13528,4887,7542,1099,7895,3512,643,5895,2306,14247,2113,0,12051,7895
BANGOR UNION ELEMENTARY,16747,4080,11494,1172,8172,5276,678,8149,3103,15287,276,0,14126,8172
BANNING UNIFIED,14120,3308,9355,1457,7293,4694,724,6955,3124,14440,1149,255,12711,7293
BANTA ELEMENTARY,10613,5396,4319,897,3448,2399,338,2869,1251,7229,12,0,6184,3448
BARSTOW UNIFIED,13742,2958,9559,1225,6410,4130,423,5503,2463,11391,247,61,10964,6410
BASS LAKE JOINT UNION ELEMENTARY,11943,7239,4063,641,5623,3871,385,5527,2636,10958,882,0,9879,5623
BASSETT UNIFIED,17305,5063,10683,1558,7369,5737,729,8459,2967,17079,1772,519,13834,7369
BAYSHORE ELEMENTARY,80717,72704,6734,1280,8470,4519,535,7758,2780,73024,58443,0,13524,8470
BEAR VALLEY UNIFIED,13901,6793,6291,817,6980,4044,445,6472,2854,12512,496,0,11468,6980
BEARDSLEY ELEMENTARY,13322,4050,7887,1386,6171,3395,588,5678,2653,11867,687,48,10155,6171
BEAUMONT UNIFIED,12006,3480,7676,850,5713,3518,449,5552,2476,11019,667,209,9680,5713
BELLA VISTA ELEMENTARY,11706,3632,7197,878,6233,4163,560,5651,2238,11039,14,64,10956,6233
BELLEVIEW ELEMENTARY,13599,4503,8340,755,6823,5014,694,6707,2660,14252,952,442,12531,6823
BELLEVUE UNION,14887,6136,7530,1221,8624,4720,566,6654,2659,18980,3607,480,13909,8624
BELLFLOWER UNIFIED,12876,2114,9797,965,7222,3758,333,6450,2922,12315,658,26,11313,7222
BELMONT-REDWOOD SHORES ELEMENTARY,14242,9961,4020,261,7050,3324,190,6293,2308,15457,3524,0,10564,7050
BELRIDGE ELEMENTARY,24656,13969,8563,2125,16969,20500,1156,15063,14906,39031,0,0,38625,16969
BENICIA UNIFIED,11928,5322,6240,366,6215,3479,323,6272,2439,13108,2172,22,10017,6215
BENNETT VALLEY UNION ELEMENTARY,11032,6136,4614,281,7213,2502,210,5598,2159,10567,115,0,9925,7213
BERKELEY UNIFIED,18135,10765,6644,726,8708,5974,360,9446,3636,18819,1623,881,15042,8708
BERRYESSA UNION ELEMENTARY,14123,9312,4279,533,6780,3387,349,6197,2920,14523,3630,0,10515,6780
BEVERLY HILLS UNIFIED,26483,24230,1791,462,10403,6021,200,9779,3775,30073,11308,17,16625,10403
BIG CREEK ELEMENTARY,27455,18200,6745,2509,10164,10800,691,12527,4964,27255,4418,273,21655,10164
BIG LAGOON UNION ELEMENTARY,32778,11000,19889,1889,13944,14778,1667,14222,8389,30778,0,0,30389,13944
BIG OAK FLAT-GROVELAND UNIFIED,,,,,,,,,,,,,,
BIG PINE UNIFIED,23953,15977,3754,4222,11526,8158,854,10228,4561,21556,450,6,20538,11526
BIG SPRINGS UNION ELEMENTARY,12274,4341,6888,1045,5346,3603,626,4816,2190,9860,0,0,9575,5346
BIG SUR UNIFIED,18358,5367,12459,532,9945,5468,367,7954,3257,15853,0,0,15780,9945
BIG VALLEY JOINT UNIFIED,18014,8517,8503,993,8612,8429,694,7905,4497,19490,1483,41,17735,8612
BIGGS UNIFIED,14345,5739,7517,1089,7157,4212,541,6507,3008,13481,1162,81,11911,7157
BISHOP UNIFIED,12366,6923,4250,1193,7380,4025,351,7061,3309,12677,811,0,11757,7380
BITTERWATER-TULLY ELEMENTARY,12906,2219,9844,844,9063,3156,31,6813,2906,12938,0,0,12250,9063
BLACK BUTTE UNION ELEMENTARY,13986,8038,4225,1723,7061,5324,779,6488,2798,14526,1099,28,13164,7061
BLACK OAK MINE UNIFIED,12872,6812,5385,674,5887,4474,363,6026,2767,12745,918,5,10724,5887
BLAKE ELEMENTARY,25091,7182,16000,1909,10818,8636,727,7909,3818,22091,1455,0,20182,10818
BLOCHMAN UNION ELEMENTARY,2803,1189,1507,107,853,790,76,825,318,1773,51,3,1719,853
BLP SCHS SELF-INC. WORKERS COMPENSATION,,,,,,,,,,,,,,
BLUE LAKE UNION ELEMENTARY,14888,6621,6852,1414,8178,3225,834,7213,3077,13296,373,0,12237,8178
BOGUS ELEMENTARY,17000,8700,6250,2050,6200,5300,650,5100,2450,12250,0,0,12150,6200
BOLINAS-STINSON UNION,51212,40365,6565,4282,26459,22800,1624,27635,13847,51941,929,0,50882,26459
BONITA UNIFIED,11934,4207,7156,571,6176,3548,228,6438,2188,13344,2393,230,9952,6176
BONNY DOON UNION ELEMENTARY,13521,10982,2196,344,7301,4982,0,6730,3043,12485,0,202,12282,7301
BONSALL UNIFIED,10745,5134,4873,738,5679,3236,229,5322,2359,10768,788,179,9145,5679
BORREGO SPRINGS UNIFIED,15092,3615,10796,681,7419,5862,288,6435,2967,13975,292,0,13569,7419
BRADLEY UNION ELEMENTARY,5841,1780,3860,201,2860,1921,28,2575,1234,5084,126,0,4808,2860
BRAWLEY ELEMENTARY,13050,1406,10422,1222,7325,3604,600,6998,2813,12238,482,1,11529,7325
BRAWLEY UNION HIGH,14538,2758,10959,821,7572,4718,326,7515,2860,13634,465,228,12616,7572
BREA-OLINDA UNIFIED,11422,7402,3583,437,6055,3514,338,6020,2067,11417,1182,102,9907,6055
BRENTWOOD UNION ELEMENTARY,11340,4156,6746,438,7261,2778,239,6095,2627,10785,212,0,10277,7261
BRET HARTE UNION HIGH,18211,15214,2536,461,8608,6734,365,8713,3807,17083,276,99,15707,8608
BRIDGEVILLE ELEMENTARY,26280,7080,17240,1960,13160,10440,1280,13520,5360,24920,0,0,24880,13160
BRIGGS ELEMENTARY,13033,3172,8880,982,6513,3642,485,5779,1900,13899,2144,2,10640,6513
BRISBANE ELEMENTARY,17856,15347,2086,422,10504,6466,386,9125,4416,18879,998,15,17356,10504
BRITTAN ELEMENTARY,10773,2972,7146,655,6084,3318,459,5824,2616,11719,865,292,9861,6084
BROWNS ELEMENTARY,10329,2750,6895,684,5658,3941,395,5289,2980,11618,888,349,9993,5658
BUCKEYE UNION ELEMENTARY,10268,4633,5368,267,5521,2626,232,5030,2315,9756,506,0,8378,5521
BUELLTON UNION ELEMENTARY,18777,12024,5497,1256,11625,6099,340,11101,4311,19207,135,0,18065,11625
BUENA PARK ELEMENTARY,13804,5218,7485,1101,7713,3818,589,7137,3333,14945,2065,150,12120,7713
BUENA VISTA ELEMENTARY,11105,1206,9105,794,6364,3086,617,5000,2632,11584,1483,0,10067,6364
BURBANK UNIFIED,11578,4468,6533,577,6533,3702,225,6590,2561,13405,2206,174,10459,6533
BURLINGAME ELEMENTARY,14861,10080,4473,308,7040,3089,228,6241,2384,14960,3271,0,10357,7040
BURNT RANCH ELEMENTARY,15844,3990,10698,1156,8500,7271,740,8115,3750,21198,4354,0,16510,8500
BURREL UNION ELEMENTARY,15839,4616,9277,1946,7714,5357,1107,7009,3420,16821,2473,0,14179,7714
BURTON ELEMENTARY,11720,953,9886,881,6687,3682,490,6052,2738,11484,339,0,10859,6687
BUTTE COUNTY OFFICE OF EDUCATION,69038,21256,22237,25545,15938,36897,370,29035,10941,68293,319,4522,53205,15938
BUTTE COUNTY ROP,,,,,,,,,,,,,,
BUTTE VALLEY UNIFIED,15727,4847,9795,1084,7701,5179,610,7068,3205,13945,130,65,13490,7701
BUTTEVILLE UNION ELEMENTARY,11431,3185,7355,891,5787,3327,777,5280,2659,10839,763,0,9891,5787
BUTTONWILLOW UNION ELEMENTARY,15709,4267,9826,1615,6733,4690,676,6529,2912,13676,275,19,12099,6733
BYRON UNION ELEMENTARY,28714,4101,17738,6875,5424,2983,227,4948,2370,28927,358,330,8635,5424
CA ADVANCING PATHWAYS FOR STUDENTS IN LOS ANGELES CO JPA,,,,,,,,,,,,,,
CA ADVANCING PATHWAYS FOR STUDENTS IN LOS ANGELES CO ROC/P,,,,,,,,,,,,,,
CA SCH FOR THE DEAF-RIVERSIDE (STATE SPECIAL SCHL),0,0,0,0,,0,0,0,0,,0,0,,
CABRILLO UNIFIED,18127,13238,4408,482,6600,4261,292,6382,3010,19939,7261,119,11153,6600
CAJON VALLEY UNION,12995,3944,7935,1116,6855,3548,495,6538,2650,12409,1031,14,10898,6855
CALAVERAS COUNTY OFFICE OF EDUCATION,28747,4965,20721,3061,10723,15736,41,14648,5242,29227,183,1731,26500,10723
CALAVERAS UNIFIED,12415,7056,4633,726,6312,3961,469,5942,3262,11429,131,69,10742,6312
CALEXICO UNIFIED,14684,1241,12119,1324,7379,4940,494,6718,3968,14962,1839,52,12812,7379
CALIENTE UNION ELEMENTARY,17588,6588,9647,1353,8039,7843,392,7941,3804,17000,392,0,16275,8039
CALIFORNIA EDUCATION AUTHORITY (CEA) HEADQUARTERS,0,0,0,0,,0,0,0,0,,0,0,,
CALIFORNIA SCHOOL FOR THE BLIND (STATE SPECIAL SCHL),0,0,0,0,,0,0,0,0,,0,0,,
CALIFORNIA SCHOOL FOR THE DEAF-FREMONT (STATE SPECIAL SCHL),0,0,0,0,,0,0,0,0,,0,0,,
CALIPATRIA UNIFIED,19603,7173,11220,1210,7915,5215,483,7907,3367,17133,2198,81,13613,7915
CALISTOGA JOINT UNIFIED,19884,16466,2820,598,10941,6101,703,10126,3665,19790,1169,0,17745,10941
CAMBRIAN,10900,6304,4255,340,7197,3153,238,6239,2332,13463,2302,0,10588,7197
CAMINO UNION ELEMENTARY,11652,4336,6670,646,7107,3598,406,6143,2529,12427,557,0,11111,7107
CAMPBELL UNION,15317,10230,4250,837,7543,4529,365,7487,3114,15483,2098,24,12436,7543
CAMPBELL UNION HIGH,16578,13584,2637,358,7863,4619,170,7005,3588,16725,2270,408,12652,7863
CAMPTONVILLE ELEMENTARY,10584,892,9393,299,6206,3622,75,5015,2031,10457,401,0,9904,6206
CANYON ELEMENTARY,11333,3333,7611,389,6681,4694,444,7264,2597,12347,0,528,11819,6681
CAPAY JOINT UNION ELEMENTARY,10583,2229,7672,682,6286,2995,656,5745,2688,10849,52,0,9938,6286
CAPISTRANO UNIFIED,10406,6366,3626,414,5838,2860,178,5346,2367,9558,382,1,8875,5838
CARDIFF ELEMENTARY,16375,13727,2294,354,9244,4210,695,8878,3105,14651,101,0,14149,9244
CARLSBAD UNIFIED,12447,9826,2098,523,6295,3326,235,5674,2726,12395,1192,9,9856,6295
CARMEL UNIFIED,24603,21128,3141,334,12436,8899,394,12832,5702,24193,1762,332,21730,12436
CARPINTERIA UNIFIED,14596,11236,2503,856,7128,4939,505,7046,3821,15369,1989,245,12572,7128
CARUTHERS UNIFIED,15345,3074,10804,1467,7255,5137,803,6310,3225,14707,967,64,13195,7255
CASCADE UNION ELEMENTARY,14851,4340,8939,1572,7822,4910,749,7026,3259,14634,841,106,13481,7822
CASTAIC UNION,13786,6437,7050,299,5867,3366,93,5754,2399,10547,475,0,9326,5867
CASTLE ROCK UNION ELEMENTARY,16560,4360,11160,1040,8320,6820,1460,8000,3340,17280,620,0,16600,8320
CASTRO VALLEY UNIFIED,15932,4471,9805,1655,6491,3796,272,6825,2372,15462,839,422,10558,6491
CAYUCOS ELEMENTARY,19877,15455,3308,1114,9678,5976,583,8777,4185,18000,14,76,16237,9678
CENTER FOR ADVANCED RESEARCH & TECH (CART) JPA,,,,,,,,,,,,,,
CENTER JOINT UNIFIED,12985,3442,8666,877,6553,3814,403,6379,2618,11951,201,211,10771,6553
CENTINELA VALLEY UNION HIGH,15301,5448,8564,1288,6620,4608,610,6922,2717,15197,1394,44,11838,6620
CENTRAL CALIF MIGRANT HEAD START JPA,,,,,,,,,,,,,,
CENTRAL CALIFORNIA SCHOOL FINANCE AUTHORITY JPA,,,,,,,,,,,,,,
CENTRAL ELEMENTARY,11791,2646,8529,616,6530,3371,382,6185,2600,13071,1701,340,10283,6530
CENTRAL ORANGE COUNTY CTE PARTNERSHIP (CTEP),,,,,,,,,,,,,,
CENTRAL SIERRA ROP,,,,,,,,,,,,,,
CENTRAL SIERRA ROP JPA,,,,,,,,,,,,,,
CENTRAL UNIFIED,12377,2333,9063,982,5960,3914,516,6043,2751,12524,1627,189,10390,5960
CENTRAL UNION ELEMENTARY,14900,1091,9192,4616,8846,4881,651,7732,3833,15287,834,35,14378,8846
CENTRAL UNION HIGH,14550,2614,11118,818,6787,4530,452,7306,2840,13688,1447,254,11768,6787
CENTRAL VALLEY PRE-SCHOOL JPA,,,,,,,,,,,,,,
CENTRAL VALLEY SUPPORT SERVICES JPA,,,,,,,,,,,,,,
CENTRALIA ELEMENTARY,13707,5612,7213,882,7420,3629,495,7127,2765,12853,504,393,11544,7420
CERES UNIFIED,12890,2165,9602,1124,6471,4237,561,6870,2434,12283,587,26,11268,6471
CHAFFEY JOINT UNION HIGH,14364,5111,8425,829,8032,4066,388,7380,3468,15632,2075,209,12487,8032
CHARTER OAK UNIFIED,13301,4422,8106,774,6215,4164,356,6679,2804,13061,932,438,10735,6215
CHATOM UNION,14409,6068,7012,1329,6666,4208,845,6552,2622,12646,454,0,11719,6666
CHAWANAKEE UNIFIED,13388,5324,7417,647,5534,4655,452,5970,2422,12403,806,43,10640,5534
CHICAGO PARK ELEMENTARY,17280,8945,7918,418,5126,3599,209,5429,1929,12599,846,0,8934,5126
CHICO UNIFIED,11987,4759,6407,821,6393,3437,327,5648,3068,11198,782,2,10157,6393
CHINO VALLEY UNIFIED,12556,4496,7463,597,6287,3200,264,6064,2393,10627,357,160,9751,6287
CHOWCHILLA ELEMENTARY,11936,1882,9046,1008,5939,3519,668,6030,2439,10843,356,232,10126,5939
CHOWCHILLA UNION HIGH,13546,5221,7571,754,6468,4630,760,6321,2961,12489,104,3,11858,6468
CHUALAR UNION,14441,2083,11240,1118,5500,5266,604,5607,3355,13033,118,0,11370,5500
CHULA VISTA ELEMENTARY,12549,5167,6506,876,7088,3812,388,6550,2696,13110,1412,36,11287,7088
CIENEGA UNION ELEMENTARY,18826,9565,8435,826,9348,4217,87,7783,3087,17478,0,0,13652,9348
CINNABAR ELEMENTARY,17119,5478,10926,715,7885,4389,319,6619,2644,15548,2552,19,12593,7885
CLAREMONT UNIFIED,12986,4832,7626,528,6456,4409,382,6829,2970,12353,262,404,11247,6456
CLAY JOINT ELEMENTARY,10012,1545,8070,398,5369,3385,152,5193,2262,9676,742,0,8906,5369
CLEAR CREEK ELEMENTARY,10869,4779,5490,600,6179,3897,145,6324,2207,10897,372,69,10221,6179
CLOVERDALE UNIFIED,12626,7409,4475,741,7830,3688,407,6791,2664,13305,735,67,11925,7830
CLOVIS UNIFIED,12840,3881,8290,669,6283,4001,326,6093,3001,12485,1264,134,10611,6283
COACHELLA VALLEY UNIFIED,15738,3404,10444,1890,8949,5012,896,8155,4209,16851,1336,121,14857,8949
COALINGA-HURON UNIFIED,13601,2223,10024,1354,7311,4789,550,6773,3445,13173,296,7,12650,7311
COAST UNIFIED,21926,17837,3296,794,10100,8783,547,10992,4716,22773,2032,42,19430,10100
COASTLINE ROP,,,,,,,,,,,,,,
COASTLINE ROP JPA,,,,,,,,,,,,,,
COFFEE CREEK ELEMENTARY,33143,9571,20429,3143,21143,14571,429,17857,6571,36143,0,0,36143,21143
COLD SPRING ELEMENTARY,27071,23503,3491,77,14237,8497,30,13722,6639,25722,36,550,22763,14237
COLFAX ELEMENTARY,14612,6487,7256,869,7000,3990,378,5840,2981,11622,0,103,11369,7000
COLLEGE AND CAREER ADVANTAGE,,,,,,,,,,,,,,
COLLEGE ELEMENTARY,19043,14781,3936,326,10975,4987,326,8715,3929,18338,13,173,16288,10975
COLTON JOINT UNIFIED,13568,2463,10069,1036,7228,4288,571,6794,3269,13132,563,28,12087,7228
COLTON-REDLANDS-YUCAIPA ROP,,,,,,,,,,,,,,
COLTON-REDLANDS-YUCAIPA ROP JPA,,,,,,,,,,,,,,
COLUMBIA ELEMENTARY,11866,4271,7164,431,6366,4164,237,6181,2446,14373,3255,144,10767,6366
COLUMBIA UNION,11100,3535,6949,616,6574,3493,335,6177,2522,10780,0,0,10403,6574
COLUMBINE ELEMENTARY,10280,1130,8531,618,6266,2435,502,5372,2502,9401,193,0,9203,6266
COLUSA COUNTY OFFICE OF EDUCATION,,,,,,,,,,,,,,
COLUSA UNIFIED,11805,3101,7976,728,6372,3406,470,5924,2584,13973,3077,1,10248,6372
COMMUNITY DAY SCHOOL JOINT POWERS AGENCY,,,,,,,,,,,,,,
COMPTON UNIFIED,14805,2206,11315,1284,7365,4285,608,6665,2535,14286,1656,174,12258,7365
COMPTON UNIFIED ROP,,,,,,,,,,,,,,
CONEJO VALLEY UNIFIED,11890,7313,4157,419,6598,3387,229,6481,2618,11708,564,513,10214,6598
CONTRA COSTA COUNTY OFFICE OF EDUCATION,22933,12444,9746,743,5900,7370,109,7333,3669,18254,102,2100,13378,5900
CONTRA COSTA COUNTY ROP,,,,,,,,,,,,,,
CONTRA COSTA SELPA,,,,,,,,,,,,,,
CORCORAN JOINT UNIFIED,13062,1542,10258,1262,6879,4106,616,6048,2928,13506,1622,113,11601,6879
CORNING UNION ELEMENTARY,12305,1555,9540,1210,6451,3455,673,5881,2717,13191,2506,5,10579,6451
CORNING UNION HIGH,14535,3951,9327,1257,7206,5537,634,7584,3541,14276,448,362,13377,7206
CORONA-NORCO UNIFIED,12642,3835,8104,703,7131,3720,355,6798,2448,12924,1167,52,11206,7131
CORONADO UNIFIED,13214,5271,7020,924,7606,4513,383,6988,3095,13327,337,277,12501,7606
COTATI-ROHNERT PARK UNIFIED,12935,6810,5542,582,6921,4278,263,5368,3313,14421,2337,5,11462,6921
COTTONWOOD UNION ELEMENTARY,11346,3044,7635,667,6760,3553,342,5237,2467,10797,54,0,10654,6760
COVINA-VALLEY UNIFIED,19887,3836,13757,2294,7742,4062,477,7194,3268,21279,2739,319,12281,7742
CUCAMONGA ELEMENTARY,17939,14085,2745,1110,8290,4168,556,7235,3004,14728,819,0,13014,8290
CUDDEBACK UNION ELEMENTARY,11662,3120,7842,699,6398,3797,549,5609,2895,11120,0,353,10744,6398
CULVER CITY UNIFIED,16609,5992,9494,1123,7065,4437,351,7596,3037,17569,2748,994,11853,7065
CUPERTINO UNION,11635,8495,2886,254,6921,3446,207,6754,2557,12783,1537,8,10574,6921
CURTIS CREEK ELEMENTARY,15690,11129,3910,651,6978,4437,408,6731,2884,15157,3046,0,11823,6978
CUTLER-OROSI JOINT UNIFIED,15015,1584,11636,1795,6502,4471,824,6985,3444,15131,2315,831,11797,6502
CUTTEN ELEMENTARY,10251,2023,7457,772,6246,2143,254,4958,2445,9113,127,48,8643,6246
CUYAMA JOINT UNIFIED,19547,7408,11098,1041,8167,5241,686,7506,2971,15784,376,0,14094,8167
CYPRESS ELEMENTARY,11980,6149,5210,622,6707,3181,409,6219,2616,11795,953,41,10297,6707
DAVIS JOINT UNIFIED,12966,6856,5728,382,7072,4052,245,7130,2520,13349,1427,132,11369,7072
DEATH VALLEY UNIFIED,68955,43955,20773,4227,25136,38636,2955,27636,12318,67409,682,0,66727,25136
DEHESA ELEMENTARY,3611,640,2882,89,1298,1822,13,1298,476,3353,112,8,3133,1298
DEL MAR UNION ELEMENTARY,14902,12584,2019,299,9409,3542,1139,8721,3254,14422,88,0,14090,9409
DEL NORTE COUNTY OFFICE OF EDUCATION,13812,950,11929,933,5900,7200,0,6919,2435,13408,0,0,13100,5900
DEL NORTE COUNTY ROP,,,,,,,,,,,,,,
DEL NORTE COUNTY UNIFIED,12666,3521,7835,1311,6969,4013,562,6460,2889,12717,966,11,11544,6969
DELANO JOINT UNION HIGH,16527,2954,11695,1877,7124,5789,608,7514,3284,15674,890,419,13522,7124
DELANO UNION ELEMENTARY,14408,2502,10583,1323,7590,4092,774,6778,3190,13601,365,200,12457,7590
DELHI UNIFIED,13616,1538,10922,1155,7650,4990,627,7901,3290,13851,172,85,13266,7650
DELPHIC ELEMENTARY,13368,1368,10702,1298,5649,4842,860,6456,2509,11947,474,0,11351,5649
DENAIR UNIFIED,13257,5878,6381,998,6679,4596,390,6308,1983,12411,97,0,11665,6679
DESERT CENTER UNIFIED,83105,68789,10684,3632,20895,36526,1105,28737,14263,71211,11947,0,58526,20895
DESERT SANDS UNIFIED,14425,5715,7858,851,7581,4129,456,7016,3385,13946,1172,9,12166,7581
DI GIORGIO ELEMENTARY,13707,2642,9555,1511,6218,3777,1100,5096,2415,12472,782,0,11096,6218
DINUBA UNIFIED,13216,1499,10547,1169,6822,3906,479,6345,3009,12888,1228,105,11207,6822
DIXIE ELEMENTARY,14258,11106,2860,292,7663,4012,172,7245,2811,14641,2116,51,11847,7663
DIXON UNIFIED,10826,3531,6663,632,5919,3568,324,5732,2441,10419,168,40,9811,5919
DOS PALOS ORO LOMA JOINT UNIFIED,14745,3273,10172,1300,6468,5008,627,6483,2938,12676,332,35,12102,6468
DOUGLAS CITY ELEMENTARY,11809,2479,8234,1096,6803,2995,787,5840,2777,11085,191,0,10585,6803
DOWNEY UNIFIED,13432,3267,9208,957,8293,3654,515,7191,3359,14078,1157,246,12462,8293
DRY CREEK JOINT ELEMENTARY,10554,3628,6602,324,6616,2787,1,6031,2234,10636,424,0,9405,6616
DUARTE UNIFIED,14745,4900,8723,1122,7421,4473,568,6969,2867,15626,2373,42,12462,7421
DUBLIN UNIFIED,12265,6814,5229,222,6403,3482,211,6420,2192,12959,1788,29,10096,6403
DUCOR UNION ELEMENTARY,13185,1762,9655,1768,6036,4006,1048,5125,2756,11470,202,0,11089,6036
DUNHAM ELEMENTARY,13339,2677,10253,409,7548,3559,231,6097,2780,13909,2177,349,11339,7548
DUNSMUIR ELEMENTARY,16156,6978,6822,2356,7522,6589,944,7944,3478,17178,1744,0,15056,7522
DUNSMUIR JOINT UNION HIGH,32538,10877,19600,2062,13292,14785,1154,11523,6662,29985,323,338,29231,13292
DURHAM UNIFIED,11596,4733,6380,483,6726,3833,335,6232,2968,12326,1103,0,10894,6726
EARLIMART ELEMENTARY,14624,1298,10908,2418,6847,5205,824,6563,3474,14278,1122,72,12876,6847
EAST MERCED COUNTY PUBLIC FACILITIES FINANCING AUTHORITY,,,,,,,,,,,,,,
EAST NICOLAUS JOINT UNION HIGH,12883,4470,8083,330,5578,5676,441,6311,2343,15330,2619,0,11695,5578
EAST SAN GABRIEL VALLEY ROP,,,,,,,,,,,,,,
EAST SAN GABRIEL VALLEY ROP,,,,,,,,,,,,,,
EAST SIDE UNION HIGH,14144,7626,5862,656,6183,3787,252,6013,3159,14804,2729,376,10222,6183
EAST VALLEY SCHOOL TRANSPORTATION JPA,,,,,,,,,,,,,,
EAST WHITTIER CITY ELEMENTARY,11139,2542,7912,685,7232,3060,433,6258,2704,11074,314,0,10726,7232
EASTERN SIERRA UNIFIED,27296,20575,4786,1935,12731,11552,746,12460,7062,26520,199,0,25030,12731
EASTSIDE UNION ELEMENTARY,13225,2142,9902,1182,7231,3694,669,6336,2843,12028,169,0,11593,7231
EDEN AREA ROP,,,,,,,,,,,,,,
EDEN AREA ROP JPA,,,,,,,,,,,,,,
EDISON ELEMENTARY,14271,2073,10534,1664,6291,4780,882,6684,2980,12907,297,0,11953,6291
EL CENTRO ELEMENTARY,11316,1449,8715,1153,6273,3428,563,5879,2556,10902,497,0,10265,6273
EL DORADO COUNTY OFFICE OF EDUCATION,154789,21361,106240,27189,16450,24362,0,26921,8762,149366,832,4017,40812,16450
EL DORADO UNION HIGH,12618,6605,5642,371,6444,4664,236,6608,2805,12385,449,8,11344,6444
EL MONTE CITY,16973,4678,10471,1824,8794,4908,956,8394,3504,17087,1741,13,14658,8794
EL MONTE UNION HIGH,18162,4465,12281,1416,7576,5270,613,8466,3676,16097,774,1213,13460,7576
EL NIDO ELEMENTARY,14305,4951,7976,1378,7634,6159,829,6921,3195,14780,0,18,14622,7634
EL RANCHO UNIFIED,13633,2984,9574,1074,7073,4174,408,6818,3000,13536,1377,27,11655,7073
EL SEGUNDO UNIFIED,18680,11608,6831,241,6519,3459,375,6542,2225,11433,355,230,10354,6519
EL TEJON UNIFIED,13541,6340,6111,1090,6111,4297,383,6187,3009,12162,175,446,10791,6111
ELK GROVE UNIFIED,12151,2400,8854,897,7095,3643,378,6450,3105,12257,914,54,11117,7095
ELK HILLS ELEMENTARY,12811,3557,8632,622,5951,4297,719,5595,3011,13189,173,0,10968,5951
ELKINS ELEMENTARY,15467,5667,7533,2267,5600,8200,2067,7933,3133,17867,1867,0,15867,5600
ELVERTA JOINT ELEMENTARY,14292,4014,9438,840,6781,5333,559,6701,2507,13399,233,0,12674,6781
EMERY UNIFIED,27613,19789,5556,2268,10394,6549,655,8456,4565,53725,21597,448,17598,10394
EMPIRE UNION ELEMENTARY,14287,4718,8283,1286,7406,3300,650,6438,2026,11788,15,60,11356,7406
ENCINITAS UNION ELEMENTARY,12707,10278,2008,422,7798,3340,202,6885,2977,14133,1922,313,11340,7798
ENTERPRISE ELEMENTARY,12538,3223,8177,1137,6981,3857,678,6491,2600,11904,197,7,11516,6981
ESCALON UNIFIED,11226,3121,7508,598,6105,3578,327,5915,2431,11476,1039,0,10010,6105
ESCONDIDO UNION,12012,3966,6957,1089,6400,3729,536,6084,2753,12321,1352,5,10666,6400
ESCONDIDO UNION HIGH,13436,6146,6514,776,5451,4358,337,5991,2802,11865,433,422,10146,5451
ESPARTO UNIFIED,13286,4766,7677,843,6984,4867,400,6979,2544,13686,1092,20,12251,6984
ETIWANDA ELEMENTARY,11848,3572,7797,479,6639,2947,259,6047,2376,11649,1478,283,9845,6639
EUREKA CITY SCHOOLS,13819,5722,6729,1368,5929,5088,517,6167,3570,13629,844,257,11534,5929
EUREKA UNION,10737,5640,4857,240,6574,3497,3,6122,2258,10437,30,0,10075,6574
EVERGREEN ELEMENTARY,11942,6942,4471,530,7324,2673,320,5959,3040,13653,2782,0,10317,7324
EVERGREEN UNION,11163,2481,7960,722,6475,3290,459,6013,2463,10395,81,0,10224,6475
EXETER UNIFIED,12506,2781,8767,957,6378,4664,468,5997,2971,11953,195,0,11509,6378
FAIRFAX ELEMENTARY,13045,2139,9581,1325,7288,3644,803,6158,3237,12787,472,0,11735,7288
FAIRFIELD-SUISUN UNIFIED,12184,3942,7502,740,5997,3955,341,6190,2555,11602,842,63,10293,5997
FALL RIVER JOINT UNIFIED,13403,4780,7860,762,6913,4869,394,6924,2933,12731,481,0,12175,6913
FALLBROOK UNION ELEMENTARY,13452,4453,6608,2391,7624,4319,527,7451,3365,13057,346,0,12470,7624
FALLBROOK UNION HIGH,15206,6881,6871,1455,7721,5856,420,7689,3206,14418,65,87,13997,7721
FARMERSVILLE UNIFIED,14106,1234,11033,1839,7227,4721,692,6330,3151,14009,1080,58,12640,7227
FEATHER FALLS UNION ELEMENTARY,6423,2526,3397,500,2410,2526,500,2679,1333,5910,0,0,5436,2410
FERNDALE UNIFIED,12429,4025,7680,723,7446,3519,265,5737,2994,11883,64,0,11230,7446
FIELDBROOK ELEMENTARY,11486,3527,7384,575,5932,3171,390,5452,2562,9849,0,178,9493,5932
FILLMORE UNIFIED,14304,3206,9669,1429,7162,4822,789,6821,3596,14012,659,169,12773,7162
FIREBAUGH-LAS DELTAS UNIFIED,15414,3146,10445,1823,7208,5492,889,7878,3473,15909,1166,726,13589,7208
FLOURNOY UNION ELEMENTARY,18190,4476,12333,1381,8619,7143,905,7619,3476,17000,0,0,16667,8619
FOLSOM-CORDOVA UNIFIED,13010,5250,7163,597,6930,3659,375,6366,2387,14522,2828,69,10964,6930
FONTANA UNIFIED,14694,1789,11649,1257,7503,4577,675,6989,3828,13339,277,56,12756,7503
FORESTHILL UNION ELEMENTARY,11226,5276,5158,791,6611,4035,339,6460,2412,11497,352,0,10985,6611
FORESTVILLE UNION ELEMENTARY,17156,11762,4671,724,7706,5703,403,6653,3488,16256,0,571,13812,7706
FORKS OF SALMON ELEMENTARY,33500,12700,17500,3300,11700,14300,300,12000,4900,27000,0,0,26300,11700
FORT BRAGG UNIFIED,13881,5829,6934,1118,7242,4386,500,6712,3264,12986,198,113,12127,7242
FORT ROSS ELEMENTARY,27917,19875,6917,1125,16542,8625,0,11417,5708,25167,0,0,25167,16542
FORT SAGE UNIFIED,15508,2267,12633,608,7946,4304,300,6054,2938,13658,721,0,12550,7946
FORTUNA ELEMENTARY,12606,2940,8436,1229,7715,3505,558,5974,3246,12991,495,0,11778,7715
FORTUNA UNION HIGH,13793,5262,8044,487,6919,4932,280,5876,3348,13356,621,0,12130,6919
FORTY-NINER ROP,,,,,,,,,,,,,,
FOUNTAIN VALLEY ELEMENTARY,10727,5984,4379,364,6098,2986,189,6186,2390,9908,162,296,9274,6098
FOWLER UNIFIED,13475,3616,8744,1114,7224,3624,776,6169,2828,12933,1008,3,11624,7224
FRANKLIN ELEMENTARY,9554,2441,6690,423,5707,2446,385,4891,2090,9508,521,96,8538,5707
FRANKLIN-MCKINLEY ELEMENTARY,12282,5080,6257,944,6140,2974,531,5634,2417,11280,1148,0,9644,6140
FREMONT UNIFIED,12575,5718,6348,510,6777,3368,185,7256,1750,13688,2254,148,10331,6777
FREMONT UNION HIGH,17696,15021,2234,441,8299,5548,288,8610,3639,18582,2576,374,14135,8299
FRENCH GULCH-WHISKEYTOWN ELEMENTARY,20645,5000,12613,3032,8226,5065,516,7000,2355,20871,7065,0,13806,8226
FRESHWATER ELEMENTARY,10667,3152,6959,556,7047,2523,351,5336,2930,10564,0,427,9921,7047
FRESNO COUNTY OFFICE OF EDUCATION,65435,19107,33217,13110,22260,24745,87,21198,7452,64347,577,1677,47092,22260
FRESNO ROP,,,,,,,,,,,,,,
FRESNO UNIFIED,14055,1753,10595,1708,7044,4364,695,6661,3371,13156,601,161,12104,7044
FRUITVALE ELEMENTARY,11489,3037,7881,570,6333,2841,338,5494,2784,10400,298,167,9512,6333
FULLERTON ELEMENTARY,11901,4956,6164,781,7086,3435,381,6576,2911,11842,734,0,10902,7086
FULLERTON JOINT UNION HIGH,13471,6363,6322,787,7525,4084,218,6584,3190,14413,1601,28,11827,7525
GALT JOINT UNION ELEMENTARY,12210,2595,8422,1194,7369,4139,551,7329,2776,12269,125,37,12060,7369
GALT JOINT UNION HIGH,18186,4448,12843,895,10434,4957,485,7367,2444,17978,1285,205,15876,10434
GARDEN GROVE UNIFIED,14053,3652,9179,1222,7377,3604,506,7628,2364,15902,3847,97,11487,7377
GARFIELD ELEMENTARY,11826,1768,9536,522,6551,3942,304,5261,3507,11174,0,362,10797,6551
GARVEY ELEMENTARY,15479,4201,9785,1493,9095,4574,698,7831,3474,15715,862,161,14368,9095
GATEWAY UNIFIED,15034,6699,6918,1417,8521,5159,461,7517,3291,14617,81,32,14141,8521
GAZELLE UNION ELEMENTARY,18600,4800,11767,2033,7267,9433,1600,7500,4133,18633,0,0,18300,7267
GENERAL SHAFTER ELEMENTARY,18247,14733,2295,1219,7952,9459,959,7199,4390,19610,788,0,18370,7952
GERBER UNION ELEMENTARY,12486,2014,9310,1162,7735,3761,653,6589,3291,12493,136,0,12148,7735
GEYSERVILLE UNIFIED,17832,11784,5344,704,9228,6384,656,8312,3456,19160,2136,0,16268,9228
GILROY UNIFIED,13507,7826,4834,848,6489,3616,468,6043,2445,12336,1139,45,10573,6489
GLENDALE UNIFIED,13036,4444,7558,1034,7445,3425,351,6467,3290,14457,2414,322,11221,7445
GLENDORA UNIFIED,11629,4215,6925,489,7301,2897,205,6710,2315,11367,172,269,10403,7301
GLENN COUNTY OFFICE OF EDUCATION,52115,14996,25675,11444,15662,19350,0,25706,9547,50268,1409,12107,35013,15662
GLENN COUNTY ROP,,,,,,,,,,,,,,
GOLD OAK UNION ELEMENTARY,11372,4943,5859,569,5553,4126,389,5179,2689,10989,363,0,10067,5553
GOLD TRAIL UNION ELEMENTARY,10308,3777,6137,394,6553,2860,320,5661,2353,9949,134,0,9733,6553
GOLDEN FEATHER UNION ELEMENTARY,13828,5808,7465,556,4692,3485,0,4525,2273,9409,894,0,8177,4692
GOLDEN PLAINS UNIFIED,15398,3697,9885,1816,7373,6241,881,7224,3692,17339,2512,43,14494,7373
GOLDEN VALLEY UNIFIED,13277,4932,7941,404,5801,4388,333,5932,2667,11912,830,35,10522,5801
GOLETA UNION ELEMENTARY,18605,11414,3964,3226,9546,4273,448,9556,3402,17502,67,109,14267,9546
GONZALES UNIFIED,13587,4399,7942,1246,7223,4897,516,7111,3282,13469,258,80,12636,7223
GORMAN JOINT,681,242,384,55,208,249,25,222,91,529,48,0,481,208
GRANT ELEMENTARY,10802,2998,7359,444,7141,2722,283,5862,2407,10521,104,192,10146,7141
GRASS VALLEY ELEMENTARY,12665,7020,4423,1221,6862,4025,1013,7149,2564,13177,311,373,11900,6862
GRATTON ELEMENTARY,,,,,,,,,,,,,,
GRAVENSTEIN UNION ELEMENTARY,13300,5345,7629,326,7231,2168,165,5697,2343,15950,5776,216,9564,7231
GRAVES ELEMENTARY,10413,2717,7130,565,6696,3500,0,4630,2217,10370,0,0,10196,6696
GREATER ANAHEIM SELPA JPA,,,,,,,,,,,,,,
GREEN POINT ELEMENTARY,23364,5182,16091,2091,14545,9636,91,12909,5545,24273,0,0,24273,14545
GREENFIELD UNION,13227,1549,10306,1373,6916,3486,566,6392,2723,12305,267,127,10968,6916
GREENFIELD UNION ELEMENTARY,13698,2444,9854,1400,6284,4729,515,6319,2942,13772,1428,0,11528,6284
GRENADA ELEMENTARY,11582,2229,8423,930,6085,3831,562,5647,2403,11154,512,0,10478,6085
GRIDLEY UNIFIED,12828,2739,9284,806,6810,3499,479,6454,2667,11990,779,4,10788,6810
GROSSMONT UNION HIGH,14028,7581,5487,959,6144,4134,313,6490,2890,13497,1541,686,10591,6144
GUADALUPE UNION ELEMENTARY,13530,2141,9934,1455,7441,4373,884,7292,3120,14577,1683,195,12698,7441
GUERNEVILLE ELEMENTARY,14773,8811,4801,1161,8503,6811,479,6514,3017,21035,4357,0,15794,8503
GUSTINE UNIFIED,12546,2188,9354,1003,6528,3945,588,6018,2665,13386,1879,79,11060,6528
HACIENDA LA PUENTE UNIFIED,15868,2465,11996,1407,7073,5013,556,7630,3510,15214,1357,673,12642,7073
HAMILTON UNIFIED,13940,2588,10242,1109,6630,5096,664,6509,2773,14175,733,156,12390,6630
HANFORD ELEMENTARY,12637,1424,10246,967,6074,4551,528,6447,2960,11934,524,0,11153,6074
HANFORD JOINT UNION HIGH,14108,3470,9951,687,6342,4385,364,6613,2920,13248,970,294,11091,6342
HAPPY CAMP UNION ELEMENTARY,16189,4964,8883,2342,6982,5946,1054,7423,3946,14288,0,0,13982,6982
HAPPY VALLEY ELEMENTARY,14168,9256,4576,336,6896,4112,344,6512,2704,12688,1336,0,11352,6896
HAPPY VALLEY UNION ELEMENTARY,12580,2712,8750,1118,7048,3720,448,5844,2950,11748,182,6,11216,7048
HARMONY UNION ELEMENTARY,13201,4151,8699,351,9312,4357,234,7288,3324,13941,9,0,13903,9312
HART ROP,,,,,,,,,,,,,,
HART-RANSOM UNION ELEMENTARY,10389,1904,8088,396,5860,2327,282,5003,1795,9741,1071,0,8468,5860
HAWTHORNE,14136,2113,10556,1467,7702,4152,863,6841,3520,13935,325,132,12717,7702
HAYWARD UNIFIED,14045,4589,8026,1430,7197,4406,346,7723,2468,14966,1931,146,11950,7197
HEALDSBURG UNIFIED,18341,14402,2854,1085,9734,5948,565,8218,4613,22671,5479,0,16248,9734
HEBER ELEMENTARY,13319,2082,10112,1124,6578,4122,661,6675,2689,12394,857,0,11361,6578
HELENDALE ELEMENTARY,12946,1379,11273,294,6770,4957,124,5802,2202,12143,59,0,11851,6770
HEMET UNIFIED,15542,4317,9963,1262,8961,4158,1623,8721,3427,16483,1294,43,14742,8961
HERMOSA BEACH CITY ELEMENTARY,11760,6318,5231,210,6729,2988,174,6491,1964,11370,1183,81,9891,6729
HESPERIA UNIFIED,11270,1312,9017,941,6076,3489,450,5729,2445,11365,980,63,10016,6076
HICKMAN COMMUNITY CHARTER,,,,,,,,,,,,,,
HILLSBOROUGH CITY ELEMENTARY,20769,18204,2374,192,13778,5459,0,11915,4332,20108,27,144,19237,13778
HILMAR UNIFIED,11578,3033,7729,816,6670,3717,449,6280,2770,11360,360,12,10837,6670
HOLLISTER,12035,4081,7073,881,6926,3684,472,6192,3010,13648,2248,0,11082,6926
HOLTVILLE UNIFIED,14153,3267,9729,1158,7442,4507,606,7696,3110,14250,1183,143,12555,7442
HOPE ELEMENTARY,12596,10150,1965,481,7864,3012,263,7311,2822,11554,55,22,11140,7864
HOPE ELEMENTARY,10275,820,8843,612,5314,3482,549,4745,2588,9345,0,0,9345,5314
HORICON ELEMENTARY,38000,32678,4153,1169,14627,13763,1627,15576,7153,31508,186,0,30017,14627
HORNBROOK ELEMENTARY,18328,10276,6483,1569,6534,8431,1414,7931,4172,17655,1224,0,16379,6534
HOT SPRINGS ELEMENTARY,20667,6000,12444,2222,6333,9556,0,7556,2389,15889,0,0,15889,6333
HOWELL MOUNTAIN ELEMENTARY,23930,20163,2547,1221,12000,8523,1349,10988,4465,22465,174,0,21872,12000
HUENEME ELEMENTARY,12433,1849,9483,1100,7620,3645,558,7002,2878,12741,339,69,11823,7620
HUGHES-ELIZABETH LAKES UNION ELEMENTARY,11426,5248,5168,1010,5871,4554,54,5337,2173,10757,94,0,10480,5871
HUGHSON UNIFIED,12723,4127,7772,823,7498,3681,424,6872,2311,12298,263,0,11603,7498
HUMBOLDT COUNTY OFFICE OF EDUCATION,107392,37601,55498,14294,30408,45913,943,38491,21773,108220,1486,71,77264,30408
HUMBOLDT COUNTY ROP,,,,,,,,,,,,,,
HUNTINGTON BEACH CITY ELEMENTARY,11336,8073,2864,399,6678,2752,229,5915,2424,10391,417,17,9660,6678
HUNTINGTON BEACH UNION HIGH,15222,8204,5994,1024,7076,4496,222,7196,3618,15025,485,426,11795,7076
HYDESVILLE ELEMENTARY,9699,3209,6015,474,5827,2755,474,5061,2265,10867,1480,0,9056,5827
IGO ONO PLATINA UNION ELEMENTARY,25051,10179,12564,2308,11205,9154,1333,8487,4359,26179,4487,0,21692,11205
IMPERIAL COUNTY OFFICE OF EDUCATION,168173,57788,78554,31831,27466,83304,116,36804,14157,164524,4325,10736,110887,27466
IMPERIAL UNIFIED,12088,3098,8440,550,6655,3455,364,6402,2782,11206,498,23,10475,6655
IMPERIAL VALLEY ROP,,,,,,,,,,,,,,
IMPERIAL VALLEY ROP JPA,,,,,,,,,,,,,,
INDIAN DIGGINGS ELEMENTARY,18353,4941,12176,1235,9941,4588,0,9235,2235,14529,0,0,14529,9941
INDIAN SPRINGS ELEMENTARY,55182,38727,13455,3000,28364,25364,5091,29727,13818,61000,1818,0,58818,28364
INGLEWOOD UNIFIED,13747,3038,9469,1240,6354,3875,542,5391,2360,13543,1612,53,10770,6354
INYO COUNTY CAREER TECHNICAL EDUCATION,,,,,,,,,,,,,,
INYO COUNTY OFFICE OF EDUCATION,18131,3249,13562,1320,5731,9200,559,7153,1920,17891,84,1088,15490,5731
IRVINE UNIFIED,11927,8416,3079,432,6748,3887,239,6598,2693,12882,1463,69,10874,6748
ISLAND UNION ELEMENTARY,,,,,,,,,,,,,,
JACOBY CREEK ELEMENTARY,,,,,,,,,,,,,,
JAMESTOWN ELEMENTARY,11417,5048,5499,871,5556,3215,519,5642,2152,10388,379,272,9290,5556
JAMUL-DULZURA UNION ELEMENTARY,12593,6031,5759,803,5782,4785,343,6179,2363,12374,739,60,10910,5782
JANESVILLE UNION ELEMENTARY,10160,1703,7965,493,6627,3032,338,5571,2776,10341,23,0,9997,6627
JEFFERSON ELEMENTARY,22083,7583,12667,1833,12250,6500,0,7500,3750,19833,0,0,18750,12250
JEFFERSON ELEMENTARY,12913,5718,6485,709,6290,3437,404,6166,2610,13201,2096,186,10131,6290
JEFFERSON ELEMENTARY,10328,2732,7210,386,6724,2860,307,5842,2442,11019,792,0,9891,6724
JEFFERSON UNION HIGH,18222,12900,4830,492,6131,4939,187,6246,3066,16730,3207,332,11258,6131
JOHN SWETT UNIFIED,13866,6904,6083,879,7130,4164,460,6069,3342,12488,63,22,11753,7130
JOHNSTONVILLE ELEMENTARY,9723,1335,7874,515,5393,3961,505,4718,2359,10417,549,0,9859,5393
JULIAN UNION ELEMENTARY,11066,1580,9161,325,6410,4124,127,4824,1880,10691,4,7,10660,6410
JULIAN UNION HIGH,20867,15113,5327,427,10087,7220,167,8200,4493,19927,1027,0,17473,10087
JUNCTION CITY ELEMENTARY,16457,3714,10986,1757,8029,5757,1657,9443,3114,15957,0,0,15443,8029
JUNCTION ELEMENTARY,23333,3417,16750,3167,13417,10000,2000,11500,5917,25833,0,0,25417,13417
JUNCTION ELEMENTARY,11538,6416,4706,416,5254,4484,43,4882,2072,10796,538,380,9781,5254
JURUPA UNIFIED,13677,2893,9769,1014,7910,3855,527,7204,3160,14542,1874,60,12293,7910
KASHIA ELEMENTARY,30077,16154,9462,4462,7692,18462,154,7692,2000,26308,0,0,26308,7692
KELSEYVILLE UNIFIED,13266,4497,7676,1093,6733,5239,477,6416,3923,13576,1007,53,12449,6733
KENTFIELD ELEMENTARY,17225,14756,2316,154,9987,3615,0,8539,3578,15841,1065,0,13602,9987
KENWOOD,22651,17799,4591,262,9893,7456,396,10678,5034,20772,2611,376,17745,9893
KEPPEL UNION ELEMENTARY,13162,2175,9791,1195,7750,3986,653,6691,2754,12736,43,39,12389,7750
KERMAN UNIFIED,13151,1939,10058,1155,6321,3799,576,5724,2508,12763,1826,0,10696,6321
KERN COUNTY OFFICE OF EDUCATION,69082,23423,30945,14714,11676,23876,1412,21324,9708,65388,1433,9599,36964,11676
KERN COUNTY ROP,,,,,,,,,,,,,,
KERN HIGH,14015,3774,9185,1056,6349,5313,471,7069,3243,14163,1264,357,12132,6349
KERN HIGH ROC,,,,,,,,,,,,,,
KERNVILLE UNION ELEMENTARY,14173,4050,8394,1729,6653,4704,740,6914,3310,13981,1227,304,12096,6653
KEYES UNION,12881,2962,9006,912,7184,3299,463,6223,1982,13245,2030,0,10946,7184
KING CITY UNION,13249,2918,9336,995,6801,3591,405,6246,3328,12425,572,4,10797,6801
KINGS CANYON JOINT UNIFIED,14249,2289,10775,1184,6643,4390,581,6417,2873,14153,1992,109,11614,6643
KINGS COUNTY OFFICE OF EDUCATION,124581,44303,52864,27414,17705,55399,98,46576,17907,117929,3558,3073,73202,17705
KINGS COUNTY ROP,,,,,,,,,,,,,,
KINGS RIVER UNION ELEMENTARY,13626,1424,10275,1927,7171,3802,844,6209,2908,12785,811,123,11818,7171
KINGS RIVER-HARDWICK UNION ELEMENTARY,,,,,,,,,,,,,,
KINGS SCHOOLS TRANSPORTATION AUTHORITY JPA,,,,,,,,,,,,,,
KINGSBURG ELEMENTARY CHARTER,,,,,,,,,,,,,,
KINGSBURG JOINT UNION HIGH,14412,5480,8176,756,7711,4324,114,6782,3322,15134,1977,52,12149,7711
KIRKWOOD ELEMENTARY,10731,1096,8933,702,5452,3606,404,5000,2067,9529,0,0,9462,5452
KIT CARSON UNION ELEMENTARY,13769,1430,11797,542,6108,5830,257,5946,2151,12379,1,16,12195,6108
KLAMATH RIVER UNION ELEMENTARY,17348,7826,7565,1957,5217,6174,652,5609,1913,15870,2348,0,12043,5217
KLAMATH-TRINITY JOINT UNIFIED,59932,2712,51069,6151,10165,7928,779,9814,5558,64642,44976,0,18872,10165
KNEELAND ELEMENTARY,16034,3172,11931,931,9172,8069,69,7862,3517,17310,0,0,17310,9172
KNIGHTS FERRY ELEMENTARY,,,,,,,,,,,,,,
KNIGHTSEN ELEMENTARY,10244,4234,5419,591,6574,3701,347,6142,1925,11395,607,166,10622,6574
KONOCTI UNIFIED,13247,3117,8778,1352,7165,5156,470,6298,3832,13469,385,14,12791,7165
LA CANADA UNIFIED,12846,7521,5100,225,6903,4041,185,6793,2338,12045,294,15,11129,6903
LA HABRA CITY ELEMENTARY,12941,4849,7168,924,6995,3907,560,7085,2796,12738,964,0,11462,6995
LA HONDA-PESCADERO UNIFIED,22896,16277,3270,3349,10805,7594,547,10840,4377,20736,742,50,18947,10805
LA MESA-SPRING VALLEY,12047,3948,7193,906,6709,3772,824,6986,2957,12284,837,105,11306,6709
LA PUENTE VALLEY ROP,,,,,,,,,,,,,,
LA PUENTE VALLEY ROP,,,,,,,,,,,,,,
LAFAYETTE ELEMENTARY,12610,8724,3655,231,8233,3230,10,6596,3081,13451,1729,0,11473,8233
LAGUNA BEACH UNIFIED,20933,18199,2382,352,11668,6483,308,10164,4479,22881,3905,12,18459,11668
LAGUNA JOINT ELEMENTARY,16059,4706,10412,941,13353,4706,118,7824,3059,18471,0,0,18176,13353
LAGUNITA ELEMENTARY,10424,2545,7283,596,5384,3333,0,4798,2424,9909,0,0,8717,5384
LAGUNITAS ELEMENTARY,17092,13305,3435,351,8786,6225,473,8332,3660,22847,5695,0,15485,8786
LAKE COUNTY OFFICE OF EDUCATION,,,,,,,,,,,,,,
LAKE COUNTY ROP,,,,,,,,,,,,,,
LAKE ELEMENTARY,10432,2095,7757,580,5787,3343,710,5379,2769,11172,260,0,9840,5787
LAKE ELSINORE UNIFIED,12396,3296,8269,831,7026,3588,499,6415,2868,11974,601,134,11112,7026
LAKE TAHOE UNIFIED,13439,6621,5973,845,7341,3906,320,6950,2813,12769,620,1,11567,7341
LAKEPORT UNIFIED,12563,4221,7192,1151,6580,4040,432,6027,3209,12515,1132,0,11051,6580
LAKESIDE JOINT,23721,20058,2907,756,12477,7826,12,10767,2965,25605,512,0,20314,12477
LAKESIDE UNION,11686,2988,7935,762,6844,3074,443,5555,2485,11850,106,39,10360,6844
LAKESIDE UNION ELEMENTARY,13725,2314,9545,1865,6003,4781,925,5955,3093,12159,344,0,11710,6003
LAKESIDE UNION ELEMENTARY,10755,3233,6744,778,6127,3086,369,5426,2822,10575,321,199,9583,6127
LAMMERSVILLE JOINT UNIFIED,,,,,,,,,,,,,,
LAMONT ELEMENTARY,13894,1470,10566,1859,6413,4462,908,6477,3033,12500,354,184,11783,6413
LANCASTER ELEMENTARY,11948,2090,8867,991,6581,3862,558,6220,2757,11819,505,77,11001,6581
LARKSPUR-CORTE MADERA,15917,12322,3257,338,8552,3989,91,7717,3061,14688,255,0,12632,8552
LAS LOMITAS ELEMENTARY,22351,19588,2556,207,12841,5753,30,11051,4693,24418,4484,0,18624,12841
LAS VIRGENES UNIFIED,12082,6644,4967,471,6475,3585,159,6404,2372,11469,361,0,10218,6475
LASSEN COUNTY OFFICE OF EDUCATION,,,,,,,,,,,,,,
LASSEN ROP,,,,,,,,,,,,,,
LASSEN UNION HIGH,12370,4820,7141,408,6212,5561,138,6128,2974,12352,345,37,11911,6212
LASSEN VIEW UNION ELEMENTARY,11023,2879,7359,785,6993,3064,587,5862,2527,11067,121,0,10644,6993
LATON JOINT UNIFIED,14027,2733,10066,1229,7464,4810,620,6137,2751,13579,621,0,12894,7464
LATROBE,21902,18126,3329,448,7671,5727,14,7308,2734,18818,5350,0,13413,7671
LAWNDALE ELEMENTARY,26668,2584,19505,4579,8590,4266,560,8016,3023,25058,422,50,13416,8590
LAYTONVILLE UNIFIED,17819,9972,6547,1300,7885,5977,550,7789,3654,20300,5181,48,14412,7885
LE GRAND UNION ELEMENTARY,,,,,,,,,,,,,,
LE GRAND UNION HIGH,16694,4942,9988,1763,8308,5885,724,7328,4237,18813,2932,105,14917,8308
LEGGETT VALLEY UNIFIED,24496,3916,19462,1118,11588,8966,933,10185,6050,24185,2697,0,21487,11588
LEMON GROVE,13730,3470,8962,1298,8156,3449,761,7181,3280,13397,656,0,12366,8156
LEMOORE UNION ELEMENTARY,11193,1295,9151,748,6173,3685,532,5872,2691,11071,560,0,10390,6173
LEMOORE UNION HIGH,14040,3319,10011,710,6347,4872,227,6551,2804,12746,788,26,11446,6347
LENNOX,11759,1438,9012,1309,6705,3707,615,6410,2166,12101,742,57,11027,6705
LEWISTON ELEMENTARY,17145,7323,7645,2177,9694,6065,952,7694,4339,17210,16,0,16710,9694
LIBERTY ELEMENTARY,5873,2679,3146,47,1560,801,21,1479,516,3018,487,93,2382,1560
LIBERTY ELEMENTARY,9398,892,8332,175,5490,2127,0,3770,1955,8206,379,0,7618,5490
LIBERTY UNION HIGH,12332,5620,6336,377,6480,3754,521,5950,2847,12257,758,178,10756,6480
LINCOLN ELEMENTARY,35500,24250,9583,1667,12833,5583,0,9667,3333,19583,0,0,18417,12833
LINCOLN UNIFIED,12889,3490,8563,837,6456,3353,420,6038,2376,12907,1992,9,10230,6456
LINDEN UNIFIED,12415,3661,7813,941,6611,4206,503,6206,2427,12039,272,20,11320,6611
LINDSAY UNIFIED,16585,2287,11557,2741,7795,5704,696,7834,3620,17378,2300,626,14195,7795
LINNS VALLEY-POSO FLAT UNION,31864,20136,7545,4182,13909,10864,364,12000,6273,34636,6000,0,25136,13909
LITTLE LAKE CITY ELEMENTARY,12618,3221,8528,869,7560,3220,563,6285,3031,12985,1221,0,11344,7560
LITTLE SHASTA ELEMENTARY,31364,8545,19727,3091,10909,9000,1455,10455,3182,22273,909,0,21364,10909
LIVE OAK ELEMENTARY,14588,5170,8508,911,6716,4003,460,6539,3214,12314,519,147,11179,6716
LIVE OAK UNIFIED,14461,2522,10906,1033,6525,3979,631,6537,2657,14738,2960,73,11135,6525
LIVERMORE VALLEY JOINT UNIFIED,12703,6873,5422,408,6304,3648,231,5976,2573,11218,594,50,10183,6304
LIVINGSTON UNION,13686,1650,10598,1438,7083,3827,766,6454,3180,12242,335,0,11676,7083
LODI UNIFIED,12302,2420,8892,990,6705,3502,516,6136,2657,11499,488,50,10723,6705
LOLETA UNION ELEMENTARY,13508,1823,10043,1643,7407,5125,334,6134,3128,13207,0,125,12866,7407
LOMA PRIETA JOINT UNION ELEMENTARY,14233,11704,2239,290,7456,5010,39,7710,2842,13243,254,298,12505,7456
LOMPOC UNIFIED,11600,2988,7676,935,6186,3778,359,6230,2382,11356,356,54,10324,6186
LONE PINE UNIFIED,22639,17258,3913,1468,10692,6933,689,9251,5619,23421,2090,140,18314,10692
LONG BEACH UNIFIED,14267,3423,9404,1440,7908,3850,470,7163,3540,14706,1550,561,12227,7908
LONG BEACH UNIFIED ROP,,,,,,,,,,,,,,
LOOMIS UNION ELEMENTARY,7824,3640,3992,191,3781,2142,114,3584,1320,6217,8,24,6038,3781
LOS ALAMITOS UNIFIED,11757,5753,5309,695,7087,3137,220,6778,2454,11669,491,203,10443,7087
LOS ALTOS ELEMENTARY,17055,15117,1694,244,8892,5201,24,7833,3594,15498,706,0,14118,8892
LOS ANGELES COUNTY OFFICE OF EDUCATION,102548,29547,32749,40252,18448,28735,1832,27151,13079,69951,789,3633,49015,18448
LOS ANGELES COUNTY ROP,,,,,,,,,,,,,,
LOS ANGELES UNIFIED,16696,4397,10489,1809,7884,5005,660,7261,3740,15506,883,193,13549,7884
LOS ANGELES UNIFIED ROCP,,,,,,,,,,,,,,
LOS BANOS UNIFIED,12647,1986,9801,859,6549,3671,478,5978,3193,12279,1150,0,10698,6549
LOS GATOS UNION ELEMENTARY,14192,12352,1571,268,7845,3809,205,7206,2863,13316,389,0,11859,7845
LOS GATOS-SARATOGA JOINT UNION HIGH,21285,19051,1972,262,9857,5822,277,8977,4156,22373,5285,63,15955,9857
LOS MOLINOS UNIFIED,12954,2528,9363,1064,7256,4914,634,7511,2862,13275,268,0,12804,7256
LOS NIETOS,14824,4328,9059,1437,8362,4172,751,7548,3142,15959,2109,41,13285,8362
LOS OLIVOS ELEMENTARY,19041,14705,4144,192,9514,5123,233,7938,3884,17000,110,21,14870,9514
LOST HILLS UNION ELEMENTARY,16413,6880,6744,2788,7556,5259,834,6469,3220,15499,469,122,13649,7556
LOWELL JOINT,10490,4200,5717,573,6225,3130,292,5652,2370,10012,142,0,9647,6225
LUCERNE ELEMENTARY,12879,3152,8167,1561,7030,4277,564,6159,3269,12557,216,0,11871,7030
LUCERNE VALLEY UNIFIED,5191,1658,3065,469,2193,1563,204,2119,924,4321,59,0,3960,2193
LUCIA MAR UNIFIED,11868,7135,4042,691,6985,3480,314,6413,2850,12019,738,59,10779,6985
LUTHER BURBANK,16013,5267,9146,1600,8227,4362,1212,7296,3110,14185,0,0,13800,8227
LYNWOOD UNIFIED,14038,1413,11519,1107,6608,4762,499,7104,2797,13165,629,284,11869,6608
MADERA COUNTY SUPERINTENDENT OF SCHOOLS,59997,20122,27201,12674,17173,21624,159,22886,10098,53790,1560,1064,38956,17173
MADERA UNIFIED,13466,2306,9888,1271,6464,4127,612,6038,3154,13584,2069,62,11204,6464
MAGNOLIA ELEMENTARY,13910,3143,9440,1327,7379,3652,696,7463,3232,13776,1314,509,11727,7379
MAGNOLIA UNION ELEMENTARY,11368,2125,8846,397,6456,2926,522,5559,2515,9904,0,0,9904,6456
MAMMOTH UNIFIED,13772,10500,2590,682,7790,4098,385,6918,3477,14530,497,228,12273,7790
MANCHESTER UNION ELEMENTARY,17745,12574,4298,872,9383,5000,489,8000,4511,14915,0,0,14872,9383
MANHATTAN BEACH UNIFIED,14125,9677,4162,286,7599,3524,990,7041,2902,13691,864,0,12113,7599
MANTECA UNIFIED,12810,3500,8450,860,6536,3404,552,6347,2464,12394,1344,47,10492,6536
MANZANITA ELEMENTARY,10677,1969,8076,632,6260,2760,497,5708,2326,10049,219,0,9517,6260
MAPLE CREEK ELEMENTARY,32333,3667,26917,1750,14583,14667,83,15167,6583,29333,0,0,29333,14583
MAPLE ELEMENTARY,12188,2949,8647,592,5188,3630,366,4719,2288,10829,1596,0,9185,5188
MARCUM-ILLINOIS UNION ELEMENTARY,1169,426,704,39,460,424,52,523,230,1056,64,0,935,460
MARICOPA UNIFIED,1975,766,1078,131,743,525,59,662,327,1565,64,0,1327,743
MARIN COUNTY OFFICE OF EDUCATION,246984,188366,26748,31870,55209,73220,10953,77028,27063,235295,3539,5315,139382,55209
MARIN COUNTY ROP,,,,,,,,,,,,,,
MARIN PUPIL TRANSPORTATION AGENCY JPA,,,,,,,,,,,,,,
MARIPOSA COUNTY OFFICE OF EDUCATION,87646,38896,36500,12250,29417,30813,0,36042,16625,67479,1896,4458,60229,29417
MARIPOSA COUNTY UNIFIED,12845,7876,4257,711,6215,4872,401,6274,3356,12393,697,23,11488,6215
MARK TWAIN UNION ELEMENTARY,11161,5387,5030,744,5537,3357,491,5355,2391,9876,232,0,9384,5537
MARK WEST UNION ELEMENTARY,12817,6264,6024,528,6837,2782,207,5628,2231,10828,690,18,9826,6837
MARTINEZ UNIFIED,13305,6745,5944,615,7087,3516,285,6573,3152,15060,2815,492,10888,7087
MARYSVILLE JOINT UNIFIED,13186,2747,9167,1273,6092,4154,653,6305,2760,12239,671,0,10899,6092
MATTOLE UNIFIED,11494,1168,10140,186,7256,4133,79,6151,3090,11645,170,0,11468,7256
MAXWELL UNIFIED,14319,4485,8893,942,6926,5417,571,7147,2847,13610,34,9,12914,6926
MCCABE UNION ELEMENTARY,10175,2184,7657,335,5427,2948,360,5090,2214,13555,4552,0,8735,5427
MCCLOUD UNION ELEMENTARY,15833,6758,7379,1697,6606,5742,818,6712,2606,14955,1061,0,13167,6606
MCFARLAND UNIFIED,14148,2850,9780,1519,6596,3871,597,5829,2757,12104,338,97,11064,6596
MCKINLEYVILLE UNION ELEMENTARY,11119,5306,4985,828,6588,3144,415,5971,2846,11012,70,3,10148,6588
MCKITTRICK ELEMENTARY,25870,19455,6156,260,41805,12649,234,15325,34727,55299,506,0,54688,41805
MCSWAIN UNION ELEMENTARY,10590,2594,7522,475,6087,3228,339,5529,2536,10021,113,0,9654,6087
MEADOWS UNION ELEMENTARY,14172,1959,10373,1840,7652,4273,1006,7000,3445,13723,676,0,12930,7652
MENDOCINO COUNTY OFFICE OF EDUCATION,,,,,,,,,,,,,,
MENDOCINO COUNTY ROC/ROP,,,,,,,,,,,,,,
MENDOCINO UNIFIED,24470,17588,6317,565,9847,7118,4453,10946,5460,22793,0,592,21418,9847
MENDOTA UNIFIED,14512,2152,10730,1630,6272,4104,735,5724,2353,14740,3281,28,11111,6272
MENIFEE UNION ELEMENTARY,10573,2233,7872,468,5955,3519,255,5828,2242,10665,747,8,9729,5955
MENLO PARK CITY ELEMENTARY,17837,15316,2247,274,10994,5173,134,10620,3797,20859,3331,0,16301,10994
MERCED CITY ELEMENTARY,13205,1579,10307,1319,6965,3615,704,6511,3196,13738,2091,39,11284,6965
MERCED COUNTY OFFICE OF EDUCATION,107867,27713,47686,32468,25167,34211,690,34227,14895,95898,899,10708,60068,25167
MERCED COUNTY ROP,,,,,,,,,,,,,,
MERCED RIVER UNION ELEMENTARY,13091,4611,7217,1263,5223,4223,589,5229,2291,13331,2840,0,10034,5223
MERCED UNION HIGH,14888,3046,10768,1073,6882,5153,546,7163,3213,15589,2252,271,12581,6882
MERIDIAN ELEMENTARY,1531,582,791,159,412,457,56,482,201,1337,67,0,925,412
MESA UNION ELEMENTARY,6596,3077,3205,315,2877,1678,124,2546,937,5440,28,0,4679,2877
METRO EDUCATION,,,,,,,,,,,,,,
METROPOLITAN EDUCATION,,,,,,,,,,,,,,
MID-PLACER TRANSPORTATION JPA,,,,,,,,,,,,,,
MIDDLETOWN UNIFIED,12401,5138,6330,932,5821,4913,493,5627,2817,11709,120,0,11227,5821
MIDWAY ELEMENTARY,27588,20812,6000,776,13188,7906,671,9588,8588,26565,176,294,21765,13188
MILL VALLEY ELEMENTARY,17903,14466,3156,282,9313,4944,216,7989,4077,16188,62,0,14472,9313
MILLBRAE ELEMENTARY,13561,8704,4454,403,6356,3324,308,6044,2366,11329,111,27,9988,6356
MILLVILLE ELEMENTARY,10486,3327,6610,550,6538,3773,442,5454,2159,11080,251,76,10753,6538
MILPITAS UNIFIED,13683,9337,3774,571,6973,3151,348,6766,2656,14701,2704,364,10472,6973
MISSION TRAILS ROP,,,,,,,,,,,,,,
MISSION TRAILS ROP JPA,,,,,,,,,,,,,,
MISSION UNION ELEMENTARY,11976,3079,8754,143,7079,2881,0,5841,2802,10325,206,0,9960,7079
MISSION VALLEY ROC/P,,,,,,,,,,,,,,
MISSION VALLEY ROC/P,,,,,,,,,,,,,,
MODESTO CITY ELEMENTARY,,,,,,,,,,,,,,
MODESTO CITY HIGH,,,,,,,,,,,,,,
MODESTO CITY SCHOOLS,14142,3195,9762,1185,7120,4338,403,7041,2653,13543,975,284,11860,7120
MODOC COUNTY OFFICE OF EDUCATION,,,,,,,,,,,,,,
MODOC COUNTY ROP,,,,,,,,,,,,,,
MODOC JOINT UNIFIED,13236,3779,8613,844,6073,4020,544,5538,3097,13544,2714,0,10638,6073
MOJAVE UNIFIED,14623,6442,6876,1305,7268,5183,513,7186,3110,14608,511,46,12964,7268
MONO COUNTY OFFICE OF EDUCATION,30525,10180,17679,2666,6781,15460,723,12319,4713,29232,120,1802,22963,6781
MONO COUNTY ROC/P,,,,,,,,,,,,,,
MONROE ELEMENTARY,13918,1412,10482,2024,7259,6359,959,6806,3500,15124,29,0,14576,7259
MONROVIA UNIFIED,15037,4794,9101,1141,7794,4531,524,7351,3264,14433,48,212,12850,7794
MONSON-SULTANA JOINT UNION ELEMENTARY,12602,816,10584,1202,6580,4268,623,5868,3191,11786,216,0,11470,6580
MONTAGUE ELEMENTARY,15349,2531,11291,1526,6983,4474,829,6846,3103,15880,2794,406,12286,6983
MONTE RIO UNION ELEMENTARY,19211,14778,3989,444,8867,9189,711,9389,3989,18767,0,0,18767,8867
MONTEBELLO UNIFIED,15598,3217,10726,1656,7209,4860,478,7471,3863,13733,231,604,12547,7209
MONTECITO UNION ELEMENTARY,32492,30048,2264,179,16809,11596,46,17787,7230,31823,966,0,28450,16809
MONTEREY COUNTY OFFICE OF EDUCATION,74343,29073,28157,17113,19119,26153,131,24135,11285,75205,707,31,45403,19119
MONTEREY PENINSULA UNIFIED,12985,6010,6019,956,6646,4734,469,6985,3033,12850,456,113,11849,6646
MONTGOMERY ELEMENTARY,26643,19536,6107,1000,16393,8071,0,11464,5036,24500,0,0,24464,16393
MOORPARK UNIFIED,11758,4998,6336,424,6210,3460,263,6128,2746,10686,176,140,9934,6210
MORAGA ELEMENTARY,13156,8998,3936,223,7756,3857,16,7031,2986,12278,20,476,11629,7756
MORELAND,14542,9703,4337,503,7562,4000,591,7194,3081,13586,561,27,12153,7562
MORENO VALLEY UNIFIED,15602,2786,11622,1194,7624,4033,689,6979,2953,14589,1989,69,12346,7624
MORGAN HILL UNIFIED,12571,9022,2927,621,5911,3427,280,5717,2258,12268,1188,73,9618,5911
MORONGO UNIFIED,12916,1798,9731,1386,7110,4465,536,6806,3047,12686,359,17,12112,7110
MOTHER LODE UNION ELEMENTARY,11797,4854,6176,767,6639,3582,361,5654,2860,11495,700,0,10582,6639
MOUNT PLEASANT ELEMENTARY,37343,5280,20067,11995,8183,4949,682,7757,3533,37482,665,0,13814,8183
MOUNTAIN ELEMENTARY,13373,8958,4203,212,7932,5220,0,8076,3322,13195,42,0,13153,7932
MOUNTAIN EMPIRE UNIFIED,9216,3411,4823,982,4546,3177,288,4203,1976,8242,174,5,8011,4546
MOUNTAIN HOUSE ELEMENTARY,42313,26000,14500,1813,15188,16125,813,11438,6250,33500,1375,0,32125,15188
MOUNTAIN UNION ELEMENTARY,16750,10092,5553,1105,6842,7724,1039,7539,3171,18171,2566,0,15605,6842
MOUNTAIN VALLEY UNIFIED,19004,6967,10410,1626,9308,8125,908,9868,4560,21187,2286,44,18341,9308
MOUNTAIN VIEW ELEMENTARY,15205,2770,10725,1710,8246,4736,784,8253,2830,15092,1015,12,13766,8246
MOUNTAIN VIEW ELEMENTARY,12949,5147,7327,475,6351,3185,371,5853,2453,10829,384,0,9908,6351
MOUNTAIN VIEW WHISMAN,17103,13934,2355,815,9191,4189,429,7439,3191,22812,7303,0,13809,9191
MOUNTAIN VIEW-LOS ALTOS UNION HIGH,23572,19362,3823,387,12842,6804,265,12447,5608,23719,2157,1168,19911,12842
MT. BALDY JOINT ELEMENTARY,11528,2330,8632,566,6189,5075,123,6142,2547,11387,0,0,11387,6189
MT. DIABLO UNIFIED,13894,6005,6975,914,7624,4084,365,6984,3340,13413,483,156,12073,7624
MT. SHASTA UNION ELEMENTARY,10978,4598,5645,734,6393,3291,372,5598,2505,10602,141,0,10057,6393
MULBERRY ELEMENTARY,11311,2900,7878,533,4667,4333,956,5411,2478,10511,478,0,9956,4667
MUPU ELEMENTARY,6369,1384,4869,116,3590,1757,82,3213,1146,6653,761,0,5429,3590
MUROC JOINT UNIFIED,13848,2996,7106,3746,6432,6162,257,6188,3013,13678,413,20,12851,6432
MURRIETA VALLEY UNIFIED,11932,4449,6950,533,6667,3253,333,6550,2604,11586,851,100,10253,6667
N. CO REGIONAL OCCUPATIONAL PROGRAM JPA,,,,,,,,,,,,,,
NAPA COUNTY OFFICE OF EDUCATION,369640,189662,73765,106213,71779,159419,7691,134309,32125,281441,4559,360,238890,71779
NAPA COUNTY ROP,,,,,,,,,,,,,,
NAPA VALLEY UNIFIED,12744,8069,3923,752,6777,4162,282,7176,2576,13161,947,237,11221,6777
NATIONAL ELEMENTARY,13638,2456,9578,1604,7235,4004,800,6597,2907,14221,1946,67,12039,7235
NATOMAS UNIFIED,13319,4113,8494,712,5995,3743,349,5901,2180,14978,4090,47,10087,5995
NEEDLES UNIFIED,16930,4565,10037,2328,8397,4977,690,7507,3837,16967,1081,0,14064,8397
NEVADA CITY ELEMENTARY,13065,9709,2979,377,5931,3987,108,5628,2309,10606,86,120,10026,5931
NEVADA CO CHARTER SERVICES AUTHORITY (JPA),,,,,,,,,,,,,,
NEVADA COUNTY OFFICE OF EDUCATION,10882,2302,7540,1040,4052,3462,13,4144,1285,10654,666,465,7527,4052
NEVADA COUNTY PUPIL TRANSPORTATION,,,,,,,,,,,,,,
NEVADA JOINT UNION HIGH,15904,9994,5151,760,6641,5244,242,6985,2940,12912,383,154,12128,6641
NEW HAVEN UNIFIED,13669,5155,7505,1009,7267,4116,464,7539,2930,14468,1434,115,11847,7267
NEW HOPE ELEMENTARY,13588,3065,9784,739,9271,3950,0,7332,3533,13241,0,0,13221,9271
NEW JERUSALEM ELEMENTARY,5880,1389,4302,190,3181,1527,84,2409,975,5538,440,0,4792,3181
NEWARK UNIFIED,14069,6801,6561,707,7043,4401,433,7442,2826,15332,2401,143,11877,7043
NEWCASTLE ELEMENTARY,7626,2797,4749,81,2374,1342,55,2136,749,4327,534,0,3771,2374
NEWHALL,11336,4220,6760,355,6489,3298,0,6146,2239,12047,1961,0,9787,6489
NEWMAN-CROWS LANDING UNIFIED,12884,3361,8507,1016,6635,3969,671,6350,1930,12442,573,35,11275,6635
NEWPORT-MESA UNIFIED,15130,11880,2390,860,7929,5078,426,8062,3709,15057,1258,59,13433,7929
NICASIO,29977,26326,3140,512,11000,11558,0,9302,3721,26558,233,0,22558,11000
NORRIS ELEMENTARY,11093,3540,7285,268,5138,2337,221,4624,2019,10459,1415,206,7695,5138
NORTH COUNTY JOINT UNION ELEMENTARY,10605,4649,5428,528,5813,2712,342,5202,2170,9405,0,0,8867,5813
NORTH COUNTY REGIONAL OCCUPATIONAL CENTER/PROGRAM (ROC/P),,,,,,,,,,,,,,
NORTH COW CREEK ELEMENTARY,10475,2840,7395,240,5989,3087,0,4859,2209,9783,540,80,9076,5989
NORTH KERN VOCATIONAL TRAINING CENTER,,,,,,,,,,,,,,
NORTH KERN VOCATIONAL TRAINING CENTER JPA,,,,,,,,,,,,,,
NORTH MONTEREY COUNTY UNIFIED,14302,5180,7802,1320,6780,4820,563,7131,3004,15153,2159,137,12162,6780
NORTH ORANGE COUNTY ROP JPA,,,,,,,,,,,,,,
NORTH ORANGE COUNTY ROP-ADULT,,,,,,,,,,,,,,
NORTH SANTA CRUZ COUNTY SELPA,,,,,,,,,,,,,,
NORTHERN CALIF. MEDI-CAL ADMIN. SERVICES JPA,,,,,,,,,,,,,,
NORTHERN HUMBOLDT UNION HIGH,14316,6421,7296,599,8043,4902,132,7109,4173,14488,408,252,13076,8043
NORWALK-LA MIRADA UNIFIED,14332,3529,9668,1135,6923,4589,603,7719,2908,13467,841,179,12115,6923
NOVATO UNIFIED,13227,7744,4927,557,6862,4035,264,6729,2613,12256,458,23,11161,6862
NUESTRO ELEMENTARY,9908,1196,8631,82,6488,1957,61,4133,1510,9855,33,47,8506,6488
NUVIEW UNION,9652,1729,7342,581,4855,2871,427,4789,1932,8663,212,102,8154,4855
OAK GROVE ELEMENTARY,13096,6486,5948,661,7084,3784,386,6676,3000,16285,3713,108,11254,7084
OAK GROVE UNION ELEMENTARY,10265,3403,6577,285,5542,3218,120,4813,2356,10142,371,499,8880,5542
OAK PARK UNIFIED,10960,4574,6136,249,6582,3274,177,6224,2348,12546,2015,18,10033,6582
OAK RUN ELEMENTARY,12844,4531,7406,906,5547,6875,813,6953,2578,13234,0,0,13234,5547
OAK VALLEY UNION ELEMENTARY,10929,564,9553,812,6273,2652,539,5152,2521,9592,110,0,9465,6273
OAK VIEW UNION ELEMENTARY,10701,2291,7791,619,5915,2776,361,5318,2351,9557,261,0,9052,5915
OAKDALE JOINT UNIFIED,11747,4250,6913,584,6613,3566,328,6119,2431,11375,427,0,10507,6613
OAKLAND UNIFIED,14037,5444,7278,1316,6487,4724,405,6400,3214,15438,1305,334,11617,6487
OAKLEY UNION ELEMENTARY,11103,4261,6282,560,6599,3622,321,6450,2580,11305,392,77,10542,6599
OCEAN VIEW,13655,2530,9913,1212,6613,4061,758,6785,2830,12088,17,129,11432,6613
OCEAN VIEW,12183,6474,4957,752,7025,3554,337,7043,2607,12116,820,232,10916,7025
OCEANSIDE UNIFIED,12512,4494,6839,1179,6682,3768,388,6329,3209,12050,721,12,10838,6682
OJAI UNIFIED,12867,7019,5153,696,6590,4172,393,6322,3220,12020,173,147,11155,6590
OLD ADOBE UNION,13408,7303,5477,628,8118,3278,359,6772,2665,15316,2560,110,11756,8118
ONTARIO-MONTCLAIR,13692,1980,10385,1328,8005,3823,643,7425,3289,13337,312,0,12471,8005
ORANGE CENTER,6367,1861,3696,810,2601,2260,392,2341,1454,5311,58,0,5252,2601
ORANGE COUNTY DEPARTMENT OF EDUCATION,47240,29297,12528,5415,10824,19348,202,16979,6713,41769,167,2905,30374,10824
ORANGE UNIFIED,11810,6303,4836,671,6859,4055,279,6385,2875,12216,867,7,11193,6859
ORCHARD ELEMENTARY,17867,12931,4244,692,7591,3362,357,6264,2726,14255,81,0,11310,7591
ORCUTT UNION ELEMENTARY,10815,3345,6961,509,6597,3111,365,5819,2651,10499,173,182,10074,6597
ORICK ELEMENTARY,38143,8786,26786,2571,16000,16857,1714,17071,6929,36214,1643,0,34571,16000
ORINDA UNION ELEMENTARY,13248,9066,3986,196,8289,4122,47,7451,3149,15590,2530,381,12458,8289
ORLAND JOINT UNIFIED,12418,3249,8195,973,6771,3469,496,5755,2988,11756,282,0,10736,6771
ORO GRANDE,3269,2597,412,261,599,1139,194,961,429,2683,167,0,1932,599
OROVILLE CITY ELEMENTARY,12273,2693,8565,1016,6237,3755,555,6150,2773,11246,399,0,10548,6237
OROVILLE UNION HIGH,16105,6145,8970,991,7723,4733,459,6993,4114,15933,1798,631,12915,7723
OUTSIDE CREEK ELEMENTARY,11670,1643,8777,1250,5143,3152,661,4339,2554,9295,188,0,8955,5143
OWENS VALLEY UNIFIED,26845,22679,2786,1381,14155,10321,643,12821,6036,26131,357,143,25119,14155
OXNARD,13994,2961,9774,1259,7965,3996,606,7126,3101,14758,1399,61,12567,7965
OXNARD UNION HIGH,13158,4470,7953,734,7168,4097,312,6667,3648,12697,292,246,11577,7168
PACHECO UNION ELEMENTARY,13062,6011,5700,1351,6529,4741,199,5811,2445,11886,148,62,11468,6529
PACIFIC ELEMENTARY,15613,5396,9575,642,7632,4349,821,7528,3415,16340,1811,1415,12802,7632
PACIFIC GROVE UNIFIED,19232,14962,3872,398,9099,5879,524,10608,3456,17907,695,798,15501,9099
PACIFIC UNION ELEMENTARY,8787,1095,6793,900,4401,3216,573,3670,1995,8322,58,0,8190,4401
PACIFIC UNION ELEMENTARY,16015,4466,10604,945,9388,3850,579,7892,4246,14887,206,313,13817,9388
PACIFICA,12493,7015,5143,335,6310,4061,326,5544,3202,11319,9,0,10697,6310
PAJARO VALLEY UNIFIED,13815,4077,8265,1473,7555,4912,509,6490,4654,14416,945,173,12975,7555
PAJARO VALLEY UNIFIED SELPA,,,,,,,,,,,,,,
PALERMO UNION ELEMENTARY,12312,1555,9681,1077,6695,3898,606,6561,3016,11770,184,0,11199,6695
PALM SPRINGS UNIFIED,15696,5202,9340,1154,9426,4641,557,8342,3803,17169,1869,21,14624,9426
PALMDALE ELEMENTARY,16468,2911,11230,2327,6191,4549,541,5923,2880,14812,425,50,11281,6191
PALO ALTO UNIFIED,22153,18878,2779,496,12979,6429,240,12224,5024,21626,1214,199,19648,12979
PALO VERDE UNIFIED,12896,3369,8071,1456,7003,4337,536,6253,3397,12145,33,1,11876,7003
PALO VERDE UNION ELEMENTARY,12564,1245,10064,1256,6695,3641,630,5488,3049,11004,37,0,10966,6695
PALOS VERDES PENINSULA UNIFIED,12393,6874,5265,254,7437,3283,721,6933,2503,11900,192,50,11441,7437
PANAMA-BUENA VISTA UNION,11785,1657,9274,854,6468,3263,430,5856,3008,12290,1291,100,10161,6468
PANOCHE ELEMENTARY,36500,26167,6833,3500,16333,11500,167,10833,5167,29167,0,0,28000,16333
PARADISE ELEMENTARY,,,,,,,,,,,,,,
PARADISE UNIFIED,10809,3404,6559,846,5879,3124,443,5248,2628,10175,594,39,9446,5879
PARAMOUNT UNIFIED,13990,1891,10811,1288,7081,4464,608,7314,2960,13259,309,584,12153,7081
PARLIER UNIFIED,13768,1480,10571,1716,6319,5244,790,6128,3428,13603,947,31,12352,6319
PARTNERS IN NUTRITION COOPERATIVE,,,,,,,,,,,,,,
PASADENA UNIFIED,15569,7757,6249,1563,7046,5128,415,6587,3393,15428,1910,12,12589,7046
PASO ROBLES JOINT UNIFIED,11756,6747,4172,837,7121,4307,369,6692,3044,12496,377,80,11797,7121
PATTERSON JOINT UNIFIED,12717,3403,8440,874,7003,3791,385,5891,2014,12483,966,64,11178,7003
PENINSULA UNION,19667,3667,14194,1806,7556,10028,1056,8333,4556,19944,0,667,18639,7556
PENN VALLEY UNION ELEMENTARY,12517,7550,4202,765,6228,4662,277,6450,2558,12147,430,225,11167,6228
PERRIS ELEMENTARY,13644,1663,10362,1620,7319,4085,735,6476,2638,13331,907,0,12139,7319
PERRIS UNION HIGH,14353,4505,8720,1127,7309,4442,529,6580,2764,14828,1941,22,12280,7309
PETALUMA CITY ELEMENTARY,,,,,,,,,,,,,,
PETALUMA CITY ELEMENTARY/JOINT UNION HIGH,13191,7330,5345,516,6990,3893,295,6312,3123,12453,494,279,11179,6990
PETALUMA JOINT UNION HIGH,,,,,,,,,,,,,,
PIEDMONT CITY UNIFIED,18171,12555,5171,446,10303,5400,262,9022,4421,17987,228,227,15965,10303
PIERCE JOINT UNIFIED,12399,3283,8459,657,6517,3626,467,5882,2380,12014,844,10,10609,6517
PINE RIDGE ELEMENTARY,26240,20500,5177,563,12625,10719,500,12083,6656,24125,63,219,23844,12625
PINER-OLIVET UNION ELEMENTARY,13949,6137,7310,501,7451,3223,314,5821,2605,14032,2081,0,10988,7451
PIONEER UNION ELEMENTARY,16409,8576,6136,1697,7803,7970,939,8591,3076,17591,152,0,16712,7803
PIONEER UNION ELEMENTARY,12723,6498,5383,842,6370,4733,581,6888,2495,12383,422,73,11683,6370
PIONEER UNION ELEMENTARY,,,,,,,,,,,,,,
PITTSBURG UNIFIED,15098,4162,10035,901,7151,4130,502,6568,3164,16613,3510,306,11783,7151
PIXLEY UNION ELEMENTARY,13887,1741,10523,1624,7675,4452,764,6889,3285,15254,1831,0,12892,7675
PLACENTIA-YORBA LINDA UNIFIED,12511,6140,5638,732,7012,3565,281,6330,2960,12039,189,36,10858,7012
PLACER COUNTY OFFICE OF EDUCATION,141869,64071,56982,20816,25491,35130,21,35145,11688,132360,2632,14805,60642,25491
PLACER HILLS UNION ELEMENTARY,12448,9196,2717,535,6677,4090,243,6460,2427,11947,275,0,11010,6677
PLACER UNION HIGH,13712,8838,4489,385,6379,5037,332,7091,2763,13749,699,553,11748,6379
PLACERVILLE UNION ELEMENTARY,11821,4278,6766,776,6135,3525,400,6049,2320,11478,1167,0,10060,6135
PLAINSBURG UNION ELEMENTARY,11452,5129,5516,806,5008,3444,677,4056,2355,9194,0,48,9129,5008
PLANADA ELEMENTARY,13356,1439,10385,1532,6843,4782,689,6631,3279,13287,478,2,12314,6843
PLAZA ELEMENTARY,10435,3280,6545,610,5175,2295,635,4650,2105,9210,465,0,8105,5175
PLEASANT GROVE JOINT UNION,10500,3124,6923,454,4675,3639,387,4969,2072,12428,3206,216,8701,4675
PLEASANT RIDGE UNION ELEMENTARY,10512,6578,3488,446,6470,3463,159,5806,2447,10518,36,0,10092,6470
PLEASANT VALLEY,11096,5257,5333,506,6537,3108,223,6049,2360,10820,111,268,9868,6537
PLEASANT VALLEY JOINT UNION ELEMENTARY,12192,8616,3051,525,7253,3909,152,6485,2384,11848,354,172,11313,7253
PLEASANT VIEW ELEMENTARY,13987,866,11290,1832,8235,4078,752,6798,3584,15708,2252,118,13065,8235
PLEASANTON UNIFIED,12801,5905,6334,562,7113,3217,425,6942,2221,12083,23,74,10755,7113
PLUMAS COUNTY OFFICE OF EDUCATION,,,,,,,,,,,,,,
PLUMAS COUNTY ROP,,,,,,,,,,,,,,
PLUMAS LAKE ELEMENTARY,13330,2615,8472,2244,6131,3722,403,5724,2324,13210,2153,0,10255,6131
PLUMAS UNIFIED,13620,9682,2839,1099,5997,5076,436,5936,3145,12752,1055,2,11508,5997
POINT ARENA JOINT UNION HIGH,,,,,,,,,,,,,,
POLLOCK PINES ELEMENTARY,11645,4555,6346,744,6623,3929,598,6143,2824,12026,437,22,11150,6623
POMONA UNIFIED,16575,2935,10857,2783,7956,4981,560,8168,2968,16688,1635,1064,13497,7956
POND UNION ELEMENTARY,14893,5107,8459,1327,8286,4490,694,5750,3740,14750,1143,0,13469,8286
POPE VALLEY UNION ELEMENTARY,25224,21586,3190,448,12034,12707,1017,12724,5948,28224,1310,793,25759,12034
PORTERVILLE UNIFIED,14012,1803,10643,1566,7002,4129,716,6719,3399,13424,836,352,11848,7002
PORTOLA VALLEY ELEMENTARY,25844,22793,2778,273,14671,8796,270,13836,5907,25112,191,0,23737,14671
POTTER VALLEY COMMUNITY UNIFIED,15922,5804,9219,900,8956,6119,700,8374,3819,19985,3870,0,15774,8956
POWAY UNIFIED,13016,7496,5181,339,6733,3516,704,6507,2945,12499,313,46,10952,6733
PRINCETON JOINT UNIFIED,17639,8260,8728,651,6722,6462,592,7195,3432,16284,882,0,13775,6722
PUPIL TRANSPORTATION CO-OP JPA,,,,,,,,,,,,,,
RAISIN CITY ELEMENTARY,,,,,,,,,,,,,,
RAMONA CITY UNIFIED,11329,5051,5715,564,6098,3784,322,6058,2574,10910,348,68,10204,6098
RANCHO SANTA FE ELEMENTARY,22856,20231,2484,142,12771,6055,0,12030,4370,21780,172,0,18825,12771
RAVENDALE-TERMO ELEMENTARY,692,226,441,26,189,244,20,135,92,483,29,0,453,189
RAVENSWOOD CITY ELEMENTARY,16530,7735,7403,1392,7773,5237,808,7465,3369,14889,753,0,13818,7773
RAYMOND-KNOWLES UNION ELEMENTARY,13084,6446,5819,819,5060,7133,639,6289,3277,12916,0,0,12831,5060
RED BLUFF JOINT UNION HIGH,13185,4990,7131,1064,7017,4999,553,7446,2935,13023,161,91,12569,7017
RED BLUFF UNION ELEMENTARY,12511,2187,9115,1210,7139,3651,638,6094,3282,11924,338,0,11428,7139
REDDING ELEMENTARY,12768,4149,7654,965,7449,4053,523,6447,2966,12288,98,17,12025,7449
REDLANDS UNIFIED,11994,3344,7937,713,6392,3628,357,6376,2762,11160,364,82,10377,6392
REDONDO BEACH UNIFIED,13296,7240,5504,552,6427,3044,275,6990,2310,12662,762,964,9746,6427
REDWOOD CITY ELEMENTARY,16667,9778,5908,981,7130,3939,460,6538,2817,12362,382,144,11529,7130
REED UNION ELEMENTARY,17413,15477,1741,195,9262,4769,31,8260,3837,15270,215,0,14062,9262
REEDS CREEK ELEMENTARY,10278,1967,7285,1026,4596,4185,728,4861,2060,9735,0,0,9510,4596
REEF-SUNSET UNIFIED,15354,2389,11548,1417,6609,4842,867,6629,3308,13729,1036,221,12318,6609
RESCUE UNION ELEMENTARY,10300,4357,5674,269,6245,3085,293,5960,2184,10430,466,0,9623,6245
RIALTO UNIFIED,13681,1968,10466,1247,7088,4346,748,6534,3257,13377,918,30,12182,7088
RICHFIELD ELEMENTARY,10736,1913,8120,702,5727,3095,607,5285,2384,9574,74,0,9430,5727
RICHGROVE ELEMENTARY,20475,1793,16937,1745,9234,5909,844,8257,4305,17933,1857,0,15987,9234
RICHLAND UNION ELEMENTARY,13597,2524,9745,1328,6797,3605,767,6389,2930,12035,207,139,11170,6797
RICHMOND ELEMENTARY,8968,1106,7569,292,4667,3741,213,4403,1972,9500,787,0,8620,4667
RIM OF THE WORLD UNIFIED,12600,5353,6538,709,6596,4334,314,6048,3642,11918,234,91,11244,6596
RINCON VALLEY UNION ELEMENTARY,14536,8178,5814,544,7823,4225,325,7287,3010,16380,3433,268,12374,7823
RIO BRAVO-GREELEY UNION ELEMENTARY,12485,5346,6399,741,5669,3309,533,5349,2304,10818,335,15,9511,5669
RIO DELL ELEMENTARY,11967,1994,8819,1154,7404,2669,563,6039,2919,11211,78,0,10636,7404
RIO ELEMENTARY,14258,5011,8206,1041,7189,3542,754,6168,2854,13921,692,11,11486,7189
RIPON UNIFIED,8795,2733,5686,376,4532,2284,218,4272,1671,7527,132,96,7033,4532
RIVER DELTA JOINT UNIFIED,12077,6380,5023,675,5527,3578,414,5289,1932,10859,428,37,9519,5527
RIVERBANK UNIFIED,14026,2696,9961,1369,8009,4249,508,7277,2770,13775,214,28,12766,8009
RIVERDALE JOINT UNIFIED,14072,3410,9614,1047,7199,4465,658,5912,2995,13266,866,9,12323,7199
RIVERSIDE COUNTY OFFICE OF EDUCATION,35950,18041,13917,3992,11848,13738,173,14115,6226,34526,802,5539,25759,11848
RIVERSIDE COUNTY OFFICE OF EDUCATION ROP,,,,,,,,,,,,,,
RIVERSIDE UNIFIED,12540,2858,8638,1043,7475,3845,491,7008,2896,12907,857,100,11811,7475
ROBERTS FERRY UNION ELEMENTARY,13130,4756,7298,1076,8145,3565,573,6832,2374,13427,1084,0,12282,8145
ROBLA ELEMENTARY,15777,4689,9911,1176,8127,4472,645,7407,2903,14480,332,0,13243,8127
ROCKFORD ELEMENTARY,9681,762,8205,714,6049,2938,662,4746,2681,9851,203,0,9649,6049
ROCKLIN UNIFIED,11355,5676,5369,311,5566,2748,187,5372,1998,9728,130,28,8500,5566
ROMOLAND ELEMENTARY,14375,4319,9099,957,6630,4224,651,6235,2517,13931,940,27,11505,6630
ROSEDALE UNION ELEMENTARY,13075,5614,7098,363,6216,4191,493,6023,2743,12833,1547,0,10901,6216
ROSELAND,17975,7248,9440,1288,9486,5224,872,5393,2715,16986,1084,197,15582,9486
ROSEMEAD ELEMENTARY,15669,4295,10022,1352,8366,3733,688,7354,3068,16158,2482,150,12787,8366
ROSEVILLE CITY ELEMENTARY,12775,6753,5354,668,6733,3820,494,6015,2285,11624,119,0,11047,6733
ROSEVILLE JOINT UNION HIGH,14525,9195,4936,394,6331,4518,296,6770,2561,13036,501,174,11145,6331
ROSS ELEMENTARY,24488,21739,2527,222,11303,7538,65,10930,4629,20752,0,0,18906,11303
ROSS VALLEY ELEMENTARY,14290,9636,4354,300,7431,3877,169,6873,2818,14302,1714,10,11478,7431
ROUND VALLEY JOINT ELEMENTARY,13442,7949,4572,920,6449,4072,565,6036,2804,12101,551,0,11087,6449
ROUND VALLEY UNIFIED,17554,4007,8901,4646,8961,6807,499,8313,4377,17570,634,0,16267,8961
ROWLAND UNIFIED,14917,3307,10246,1364,7376,4299,502,7710,2711,15504,1244,258,12176,7376
SACRAMENTO CITY UNIFIED,13928,3553,8737,1638,7117,3964,520,5956,3697,13660,1476,134,11601,7117
SACRAMENTO COUNTY OFFICE OF EDUCATION,73160,26715,35929,10517,11499,21233,1571,22847,8493,67724,737,7261,34303,11499
SACRAMENTO COUNTY ROP,,,,,,,,,,,,,,
SADDLEBACK VALLEY UNIFIED,12388,7512,4376,500,7126,3055,196,6197,3189,12004,693,450,10377,7126
SAINT HELENA UNIFIED,30843,26045,3645,1153,16044,8719,507,14064,7319,33403,6002,111,25270,16044
SALIDA UNION ELEMENTARY,10631,2587,6746,1297,5075,2382,561,5037,1497,9549,444,739,8018,5075
SALINAS CITY ELEMENTARY,12926,2962,8764,1200,6896,3728,628,5805,3418,12326,147,0,11252,6896
SALINAS UNION HIGH,13685,3875,8898,912,6710,4896,321,6851,3177,14297,1719,165,11928,6710
SAN ANTONIO ROP,,,,,,,,,,,,,,
SAN ANTONIO ROP,,,,,,,,,,,,,,
SAN ANTONIO UNION ELEMENTARY,14140,6433,5949,1758,7038,6006,439,6592,3688,15618,1153,13,13484,7038
SAN ARDO UNION ELEMENTARY,,,,,,,,,,,,,,
SAN BENITO COUNTY OFFICE OF EDUCATION,,,,,,,,,,,,,,
SAN BENITO HIGH,13148,7224,5248,676,6078,4593,292,6126,2908,20182,8202,13,10963,6078
SAN BERNARDINO CITY UNIFIED,14004,1653,10856,1495,7275,4773,555,7027,3266,13722,555,371,12603,7275
SAN BERNARDINO COUNTY OFFICE OF EDUCATION,121494,32208,66999,22287,27748,42524,75,35813,15064,123421,3858,2985,70347,27748
SAN BERNARDINO COUNTY ROP,,,,,,,,,,,,,,
SAN BRUNO PARK ELEMENTARY,14450,9632,4149,669,6447,3744,351,5595,2567,11843,79,0,10541,6447
SAN CARLOS ELEMENTARY,14819,10021,4577,221,6708,4009,681,6876,2563,16426,3646,0,11399,6708
SAN DIEGO COUNTY OFFICE OF EDUCATION,165726,49524,83497,32704,16279,52329,496,29389,12398,150262,2359,42,69105,16279
SAN DIEGO COUNTY ROP,,,,,,,,,,,,,,
SAN DIEGO UNIFIED,14290,8191,4792,1307,6965,4282,460,6726,3597,14805,2259,17,11708,6965
SAN DIEGUITO UNION HIGH,12824,10465,2007,352,6847,4051,208,7050,2579,16927,4536,0,11107,6847
SAN FRANCISCO COUNTY OFFICE OF EDUCATION,472843,287533,147019,38290,286116,186757,0,234981,94370,472903,30,0,472873,286116
SAN FRANCISCO COUNTY ROP,,,,,,,,,,,,,,
SAN FRANCISCO UNIFIED,16611,12513,3191,906,5647,5439,446,6538,3073,16096,2146,0,11532,5647
SAN GABRIEL UNIFIED,11683,3903,6983,797,6193,3474,417,5471,2683,11609,709,0,10084,6193
SAN JACINTO UNIFIED,11828,1990,8787,1052,6529,3443,483,5940,2463,11342,618,31,10455,6529
SAN JOAQUIN COUNTY OFFICE OF EDUCATION,50551,17797,22811,9943,11700,14755,1984,15145,5752,47204,1278,7359,28440,11700
SAN JOAQUIN COUNTY ROP,,,,,,,,,,,,,,
SAN JOAQUIN DATA PROCESSING JPA,,,,,,,,,,,,,,
SAN JOSE UNIFIED,14137,9257,4192,689,7012,4602,361,6730,3177,14812,1648,0,11975,7012
SAN JUAN UNIFIED,12139,3542,7763,834,6213,3912,322,5947,3034,12055,1132,74,10446,6213
SAN LEANDRO UNIFIED,13727,5150,7596,981,7206,4080,375,7331,2372,13909,319,286,11661,7206
SAN LORENZO UNIFIED,12772,4147,7765,861,6589,4052,411,6663,2574,12644,551,90,11052,6589
SAN LORENZO VALLEY UNIFIED,8523,5020,3249,254,3298,2235,100,3302,1385,5940,91,6,5633,3298
SAN LUCAS UNION ELEMENTARY,16279,6368,6250,3662,7029,6985,574,7029,4147,14985,397,0,14588,7029
SAN LUIS COASTAL UNIFIED,13717,11086,2091,541,7164,4851,323,7417,3226,15125,2326,115,12339,7164
SAN LUIS OBISPO COUNTY OFFICE OF EDUCATION,134359,72242,40296,21822,22944,39052,669,34603,13359,108890,2077,3225,62664,22944
SAN MARCOS UNIFIED,12405,4968,6803,634,7061,3243,364,6255,2953,12924,1111,225,10669,7061
SAN MARINO UNIFIED,15346,10248,4782,316,8482,5074,305,8235,3288,14922,601,57,13861,8482
SAN MATEO COUNTY OFFICE OF EDUCATION,579870,435532,72961,71377,91817,152489,130,110683,38891,515356,1173,292,244437,91817
SAN MATEO COUNTY ROP,,,,,,,,,,,,,,
SAN MATEO UNION HIGH,22091,18831,2858,403,9058,7430,405,9927,4328,23005,2640,671,16893,9058
SAN MATEO-FOSTER CITY,13511,10896,2138,476,6960,3372,735,6253,2713,13948,1869,18,11067,6960
SAN MIGUEL JOINT UNION,12370,5003,6454,913,6503,4402,455,6693,2639,12149,128,15,11361,6503
SAN PASQUAL UNION ELEMENTARY,11423,4756,6286,382,6591,3452,597,6322,2322,11172,289,0,10640,6591
SAN PASQUAL VALLEY UNIFIED,21268,3139,11792,6337,10454,9353,912,10761,4705,21617,761,104,20718,10454
SAN RAFAEL CITY ELEMENTARY,15265,8606,5672,988,7076,4109,462,6324,2612,13016,534,15,11647,7076
SAN RAFAEL CITY HIGH,18308,15682,1986,640,8448,5456,246,7955,3387,16732,1439,37,14150,8448
SAN RAMON VALLEY UNIFIED,11978,7331,4427,219,6778,3583,206,6203,2889,12294,908,29,10566,6778
SAN YSIDRO ELEMENTARY,15167,6420,7782,966,7274,4448,571,6903,2804,15717,1557,73,12292,7274
SANGER UNIFIED,13870,2757,9985,1128,6464,4214,548,6359,2736,14308,2433,118,11226,6464
SANTA ANA UNIFIED,14802,3656,9525,1621,7573,3956,729,6994,3134,13218,608,2,12258,7573
SANTA BARBARA COUNTY OFFICE OF EDUCATION,287437,143294,115842,28301,74161,97473,1111,107452,50817,218849,2774,43208,172746,74161
SANTA BARBARA COUNTY ROP,,,,,,,,,,,,,,
SANTA BARBARA COUNTY SELPA JPA,,,,,,,,,,,,,,
SANTA BARBARA UNIFIED,12858,9273,2721,865,6243,4205,532,6840,2481,12129,452,339,10981,6243
SANTA CLARA COUNTY OFFICE OF EDUCATION,29040,21392,2495,5153,7864,8127,184,8832,4034,22521,260,204,16175,7864
SANTA CLARA COUNTY ROP,,,,,,,,,,,,,,
SANTA CLARA ELEMENTARY,10250,3750,6018,482,6964,3429,107,5589,1804,10554,54,0,10500,6964
SANTA CLARA UNIFIED,21841,18483,2672,686,9547,5181,397,9602,3522,20156,3133,349,15125,9547
SANTA CLARITA VLLY SCH FOOD SVS AGENCY JPA,,,,,,,,,,,,,,
SANTA CRUZ CITY ELEMENTARY,,,,,,,,,,,,,,
SANTA CRUZ CITY ELEMENTARY/HIGH,14771,10330,3755,686,7039,5161,372,7076,3323,13528,576,0,12573,7039
SANTA CRUZ CITY HIGH,,,,,,,,,,,,,,
SANTA CRUZ COUNTY OFFICE OF EDUCATION,46082,17253,20924,7906,12156,16281,63,16564,8285,43244,616,2976,28500,12156
SANTA CRUZ COUNTY ROP,,,,,,,,,,,,,,
SANTA MARIA JOINT UNION HIGH,14018,5655,7493,870,7361,4852,403,7025,2925,14580,1562,0,12616,7361
SANTA MARIA-BONITA,13223,2217,9544,1462,7763,3731,599,6137,2771,12868,621,2,12093,7763
SANTA MONICA-MALIBU UNIFIED,20362,16516,3065,781,9057,5877,335,9345,4418,21573,3681,998,15269,9057
SANTA PAULA UNIFIED,14193,2575,10534,1084,7665,4471,666,7201,3425,14417,1110,76,12803,7665
SANTA RITA UNION ELEMENTARY,11736,2899,8039,798,5656,3359,501,5367,2503,11962,1355,0,9517,5656
SANTA ROSA CITY SCHOOLS,13380,7702,4918,760,7396,4344,367,6347,2374,13079,369,301,12107,7396
SANTA ROSA ELEMENTARY,,,,,,,,,,,,,,
SANTA ROSA HIGH,,,,,,,,,,,,,,
SANTA YNEZ VALLEY UNION HIGH,15116,13254,1665,197,6492,5520,316,6900,3018,14438,824,1,12327,6492
SANTEE,11554,4206,6757,590,6448,2936,336,6294,2336,11076,531,441,9720,6448
SARATOGA UNION ELEMENTARY,19439,17177,2006,257,10565,5761,253,9748,4486,17340,192,0,16578,10565
SAUCELITO ELEMENTARY,11638,1170,9734,734,6553,5394,457,4915,3447,12926,521,0,12404,6553
SAUGUS UNION,17295,6425,9518,1352,6456,3412,477,6507,2559,15783,1060,0,10345,6456
SAUSALITO MARIN CITY,22491,16810,4708,973,9403,7238,749,9670,3127,20186,283,9,17391,9403
SAVANNA ELEMENTARY,13278,4468,7822,988,7989,3012,506,6484,2410,12785,183,17,11508,7989
SBC - HIGH TECH HIGH,0,0,0,0,,0,0,0,0,,0,0,,
SBE - ACADEMIA AVANCE CHARTER,0,0,0,0,,0,0,0,0,,0,0,,
SBE - ANAHUACALMECAC INTERNATIONAL UNIV PREP OF N. AMERICA,0,0,0,0,,0,0,0,0,,0,0,,
SBE - AUDEO CHARTER II,0,0,0,0,,0,0,0,0,,0,0,,
SBE - BARACK OBAMA CHARTER,0,0,0,0,,0,0,0,0,,0,0,,
SBE - BAYPOINT PREPARATORY ACADEMY,0,0,0,0,,0,0,0,0,,0,0,,
SBE - LIFELINE EDUCATION CHARTER,0,0,0,0,,0,0,0,0,,0,0,,
SBE - MAGNOLIA SCIENCE ACADEMY SANTA ANA,0,0,0,0,,0,0,0,0,,0,0,,
SBE - NEW WEST CHARTER,9332,1749,7456,127,4648,5041,0,4108,1221,9872,0,0,9690,4648
SBE - OLIVE GROVE CHARTER,0,0,0,0,,0,0,0,0,,0,0,,
SBE - ONEPURPOSE,0,0,0,0,,0,0,0,0,,0,0,,
SBE - PARAMOUNT COLLEGIATE ACADEMY,0,0,0,0,,0,0,0,0,,0,0,,
SBE - PREPA TEC LOS ANGELES HIGH,0,0,0,0,,0,0,0,0,,0,0,,
SBE - RIDGECREST CHARTER,0,0,0,0,,0,0,0,0,,0,0,,
SBE - ROCKETSHIP FUTURO ACADEMY,0,0,0,0,,0,0,0,0,,0,0,,
SBE - ROSS VALLEY ELEMENTARY,,,,,,,,,,,,,,
SBE - THE NEW SCHOOL OF SAN FRANCISCO,0,0,0,0,,0,0,0,0,,0,0,,
SBE - THE SCHOOL OF ARTS AND ENTERPRISE,0,0,0,0,,0,0,0,0,,0,0,,
SBE - THRIVE PUBLIC,0,0,0,0,,0,0,0,0,,0,0,,
SBE - WEI YU INTERNATIONAL CHARTER,,,,,,,,,,,,,,
SCHOOL PROJECT UTILITY RATE REDUCTION,,,,,,,,,,,,,,
SCOTIA UNION ELEMENTARY,11280,1645,8872,763,6829,3109,697,5796,3090,10758,47,0,10635,6829
SCOTT VALLEY UNIFIED,15270,5336,8664,1270,7597,5388,663,7441,3008,14783,713,147,13647,7597
SCOTTS VALLEY UNIFIED,11285,6882,4075,328,6919,3404,197,5233,2959,13264,2257,0,10521,6919
SEBASTOPOL UNION ELEMENTARY,13598,9089,3899,610,6777,3419,194,5314,2386,11719,403,727,10390,6777
SEELEY UNION ELEMENTARY,14415,1830,11188,1397,7875,6033,752,7666,3352,15075,352,0,14660,7875
SEIAD ELEMENTARY,25947,7263,16526,2158,14421,12421,1474,11263,8000,28368,0,0,28316,14421
SELMA UNIFIED,13804,1786,10602,1416,7912,4320,678,7279,3400,13744,343,102,12909,7912
SEMITROPIC ELEMENTARY,15288,3792,10496,1000,6071,5863,730,5301,3292,14920,2027,0,12664,6071
SEQUOIA UNION ELEMENTARY,10712,1751,8465,495,5979,3468,435,5366,2532,10541,658,0,9883,5979
SEQUOIA UNION HIGH,20883,18322,2036,525,8720,6492,310,9290,4244,25315,7601,298,15522,8720
SHAFFER UNION ELEMENTARY,12617,3700,7972,944,5889,5339,439,5533,2928,11939,133,50,11667,5889
SHANDON JOINT UNIFIED,16452,7806,7455,1190,8355,5416,884,7590,3494,16132,355,0,14655,8355
SHASTA COUNTY OFFICE OF EDUCATION,107794,28899,56718,22177,14775,32948,892,27399,10367,97652,672,17481,48615,14775
SHASTA UNION ELEMENTARY,11675,5338,5695,642,6497,3768,384,4470,2252,13159,2404,106,10649,6497
SHASTA UNION HIGH,12672,5419,6684,569,6899,4568,264,6397,2998,12927,280,58,11730,6899
SHASTA-TRINITY ROP,,,,,,,,,,,,,,
SHASTA-TRINITY ROP JPA,,,,,,,,,,,,,,
SHILOH ELEMENTARY,13228,3247,9557,424,5614,3943,0,5133,2000,10152,475,0,9557,5614
SHORELINE UNIFIED,31631,21353,5390,4887,16109,9850,882,14239,7099,28355,150,260,26841,16109
SIERRA COUNTY OFFICE OF EDUCATION,,,,,,,,,,,,,,
SIERRA SANDS UNIFIED,19249,2658,9127,7464,6244,4259,399,5844,3075,19394,8225,37,10902,6244
SIERRA UNIFIED,13298,6842,5494,961,7267,5148,432,7456,3053,13206,215,102,12847,7267
SIERRA-PLUMAS JOINT UNIFIED,15495,7221,7537,737,7941,6271,439,7146,3840,15641,707,0,14652,7941
SILICON VALLEY JOINT POWERS TRANSPORTATION AGENCY,,,,,,,,,,,,,,
SILVER FORK ELEMENTARY,44909,23091,19636,2182,21818,14091,1455,15455,7273,39545,2182,0,37364,21818
SILVER VALLEY UNIFIED,15564,2003,8523,5038,7934,7141,580,7862,4392,15739,16,68,15655,7934
SIMI VALLEY UNIFIED,11909,4789,6599,521,6548,3548,257,6102,3140,12514,1522,329,10354,6548
SISKIYOU COUNTY OFFICE OF EDUCATION,40832,7674,26253,6906,13566,18426,179,18242,6202,39534,675,172,32172,13566
SISKIYOU ROP,,,,,,,,,,,,,,
SISKIYOU UNION HIGH,18353,10350,7395,609,9798,6730,204,8123,3575,18813,607,135,16732,9798
SNELLING-MERCED FALLS UNION ELEMENTARY,15632,7316,6711,1605,9079,5645,829,7171,3461,15961,92,0,15553,9079
SNOWLINE JOINT UNIFIED,11946,1906,9232,807,6685,4009,459,6539,2857,11780,230,28,11153,6685
SOLANA BEACH ELEMENTARY,18180,15291,2596,293,11021,5134,328,10125,4511,19005,829,1142,16483,11021
SOLANO COUNTY OFFICE OF EDUCATION,146251,49434,68213,28604,50754,51248,13,54707,18477,137492,461,649,102016,50754
SOLEDAD UNIFIED,14563,2855,10636,1073,6946,4581,593,6498,3199,14880,1690,152,12121,6946
SOLVANG ELEMENTARY,11191,6599,3814,778,5717,3526,470,5323,2475,11139,125,49,9714,5717
SOMIS UNION,12795,8768,3097,931,6544,4552,402,6498,2402,14579,1417,0,11498,6544
SONOMA COUNTY OFFICE OF EDUCATION,214103,85017,94751,34334,33934,58810,4816,48937,22536,204633,2068,2457,97560,33934
SONOMA COUNTY ROP,,,,,,,,,,,,,,
SONOMA VALLEY UNIFIED,14236,10870,2465,900,8539,4143,433,7196,3717,15596,1796,12,13115,8539
SONORA ELEMENTARY,10567,4128,5758,681,6357,2780,291,5284,2338,11001,1181,0,9429,6357
SONORA UNION HIGH,14029,9825,3669,536,5793,5825,347,7135,3102,21476,8066,102,11965,5793
SOQUEL UNION ELEMENTARY,11809,7823,3514,472,6439,3571,251,5711,2739,11113,700,0,10260,6439
SOULSBYVILLE ELEMENTARY,11259,3879,6893,488,6751,3018,338,5824,2611,10984,543,0,10107,6751
SOUTH BAY UNION,14419,4009,9164,1246,7908,4593,526,6860,3379,14132,536,7,13028,7908
SOUTH BAY UNION ELEMENTARY,12536,1741,9784,1011,6588,3399,319,5203,2613,10627,1,0,10306,6588
SOUTH COUNTY SUPPORT SERVICES AGENCY,,,,,,,,,,,,,,
SOUTH FORK UNION,13946,2892,9091,1963,6257,5830,1100,7079,3021,13651,241,116,13187,6257
SOUTH MONTEREY COUNTY JOINT UNION HIGH,15142,4247,10088,807,6447,4455,282,6067,2781,12817,911,57,11185,6447
SOUTH PASADENA UNIFIED,12936,5565,6954,418,6935,3433,360,6592,2624,12048,430,349,10728,6935
SOUTH SAN FRANCISCO UNIFIED,13476,10654,2081,742,6886,4230,282,6799,2829,13998,1134,456,11397,6886
SOUTH WHITTIER ELEMENTARY,14432,3220,9906,1306,7953,4031,669,6917,3521,13297,188,0,12654,7953
SOUTHEAST ROP,,,,,,,,,,,,,,
SOUTHEAST ROP,,,,,,,,,,,,,,
SOUTHERN CALIFORNIA ROC,,,,,,,,,,,,,,
SOUTHERN CALIFORNIA ROP,,,,,,,,,,,,,,
SOUTHERN HUMBOLDT JOINT UNIFIED,15711,8111,6710,890,8376,5078,400,6742,4335,21489,6689,12,13854,8376
SOUTHERN KERN UNIFIED,13226,3474,8621,1131,7131,4413,721,7191,3624,18969,6038,201,12265,7131
SOUTHERN PLACER SCHOOLS TRANSPORTATION AUTHORITY,,,,,,,,,,,,,,
SOUTHERN TRINITY JOINT UNIFIED,28087,8612,17864,1612,12155,9932,1311,12495,6282,27330,2155,592,23398,12155
SOUTHSIDE ELEMENTARY,9644,3729,5517,398,5758,2335,309,4216,2720,8958,0,0,8403,5758
SOUTHWEST TRANSPORTATION AGENCY,,,,,,,,,,,,,,
SPENCER VALLEY ELEMENTARY,1854,845,797,212,988,240,8,235,85,1421,141,0,1236,988
SPRECKELS UNION ELEMENTARY,10569,4344,5973,252,5681,3219,68,5076,2427,9642,136,0,8968,5681
SPRINGVILLE UNION ELEMENTARY,10612,3937,6079,596,6722,2202,448,4886,2795,9817,101,0,9372,6722
STANDARD ELEMENTARY,12080,2914,8042,1124,6252,3233,681,5706,2632,12651,1896,2,10165,6252
STANISLAUS COUNTY OFFICE OF EDUCATION,89126,37313,30455,21358,17425,25989,209,20393,8115,73926,3910,2055,43623,17425
STANISLAUS UNION ELEMENTARY,11704,3467,7270,967,7442,2775,361,5788,1948,11325,240,1,10578,7442
STOCKTON UNIFIED,13621,2606,9800,1215,6508,4119,428,6121,3195,12250,607,97,11055,6508
STONE CORRAL ELEMENTARY,14387,392,13722,272,5810,7204,0,5449,2333,13249,70,0,13013,5810
STONY CREEK JOINT UNIFIED,22907,4557,15175,3175,11381,8866,670,11268,4907,21835,134,0,20918,11381
STRATHMORE UNION ELEMENTARY,13196,1058,10709,1430,6683,3727,738,6078,3151,12409,1182,0,11148,6683
SULPHUR SPRINGS UNION,12212,4653,7070,488,6973,3499,0,5833,2955,11678,669,0,10471,6973
SUMMERVILLE ELEMENTARY,11935,3470,7037,1428,7119,3525,540,6376,2938,12010,567,0,11184,7119
SUMMERVILLE UNION HIGH,14129,5285,8616,228,6474,4719,303,6273,2560,12312,420,99,11496,6474
SUNDALE UNION ELEMENTARY,10248,1493,8074,681,6552,2206,425,5210,2364,9451,202,0,9183,6552
SUNNYSIDE UNION ELEMENTARY,13915,1642,10499,1775,7583,4735,761,6721,3755,14980,1707,186,13079,7583
SUNNYVALE,15019,12343,2094,582,8181,5009,381,7834,3435,17860,3117,0,13572,8181
SUNOL GLEN UNIFIED,12881,7835,4867,180,6863,4101,151,6968,2234,11450,331,0,11115,6863
SURPRISE VALLEY JOINT UNIFIED,19922,6940,11552,1431,8336,8466,1009,8448,4517,18819,302,112,17810,8336
SUSANVILLE ELEMENTARY,10589,2947,6864,778,6206,2900,360,4780,2959,10662,767,0,9466,6206
SUTTER COUNTY OFFICE OF EDUCATION,103703,30916,55581,17206,26885,40433,2721,44984,14384,97342,2206,6553,70040,26885
SUTTER UNION HIGH,11668,3674,7664,330,5602,4606,336,5679,2689,11595,653,27,10544,5602
SWEETWATER UNION HIGH,13853,4368,8643,842,6920,4801,313,7444,3140,15077,2046,380,12034,6920
SYLVAN UNION ELEMENTARY,10818,2958,7055,806,6497,2817,463,6135,2024,10930,876,0,9776,6497
TAFT CITY,14439,4087,9159,1192,6980,3662,880,6016,3569,12844,443,139,11523,6980
TAFT UNION HIGH,29844,10935,18505,404,14792,11764,1379,14251,7479,30665,685,0,27935,14792
TAHOE-TRUCKEE UNIFIED,23817,19256,4009,552,9066,6189,426,9152,3911,23451,6635,37,15681,9066
TAMALPAIS UNION HIGH,20919,18332,2313,274,10962,6321,252,10012,4713,19840,414,404,17534,10962
TEHACHAPI UNIFIED,11750,3942,7072,736,5745,3771,278,5477,2810,10137,109,71,9793,5745
TEHAMA COUNTY DEPARTMENT OF EDUCATION,118228,36416,60379,21434,39155,52324,27,53050,16046,114023,379,4562,91507,39155
TEHAMA COUNTY ROP,,,,,,,,,,,,,,
TEMECULA VALLEY UNIFIED,10893,3753,6731,409,6617,2963,217,6108,2325,10888,792,112,9797,6617
TEMPLE CITY UNIFIED,12005,4054,7443,509,6435,3890,442,6461,2177,14620,3170,126,10767,6435
TEMPLETON UNIFIED,12032,6013,5676,342,6877,3887,213,6463,2623,14149,2812,13,10977,6877
TERRA BELLA UNION ELEMENTARY,13607,1575,10417,1615,7451,4213,761,6649,4028,12563,0,0,12426,7451
THERMALITO UNION ELEMENTARY,14632,1427,10579,2626,6865,4346,1276,7048,2876,13259,378,0,12486,6865
THREE RIVERS UNION ELEMENTARY,10043,5450,3964,629,5500,2829,407,4879,2593,12293,3479,71,8736,5500
TIPTON ELEMENTARY,13812,2124,10605,1083,7191,3610,649,6379,3289,16374,4564,0,11450,7191
TORRANCE UNIFIED,12315,4549,7142,624,6901,3259,282,6693,2378,15032,3346,284,10442,6901
TRACY JOINT UNIFIED,11749,3307,7878,564,6349,3586,370,6156,2404,11584,800,57,10305,6349
TRAVER JOINT ELEMENTARY,14347,2574,10171,1602,6884,5431,782,6819,3370,13264,42,19,13097,6884
TRAVIS UNIFIED,11488,2396,8106,986,5934,4277,292,6229,2146,11549,593,0,10502,5934
TRES PINOS UNION ELEMENTARY,9355,3694,5347,315,5589,2589,0,4548,1895,9492,16,0,8177,5589
TRI-CITIES ROP,,,,,,,,,,,,,,
TRI-CITIES ROP,,,,,,,,,,,,,,
TRI-COUNTY ROP,,,,,,,,,,,,,,
TRI-VALLEY ROP,,,,,,,,,,,,,,
TRI-VALLEY ROP JPA,,,,,,,,,,,,,,
TRINIDAD UNION ELEMENTARY,12101,3864,7182,1056,6833,3091,657,5657,2586,11025,0,0,10581,6833
TRINITY ALPS UNIFIED,13275,5298,6852,1125,7668,3894,569,6777,3424,14039,1458,117,12132,7668
TRINITY CENTER ELEMENTARY,24429,7000,16071,1357,7929,11000,571,9286,4786,19500,0,0,19500,7929
TRINITY COUNTY OFFICE OF EDUCATION,76872,21106,48489,7277,6255,41521,0,27809,8936,75447,0,181,47777,6255
TRONA JOINT UNIFIED,,,,,,,,,,,,,,
TULARE CITY,12368,1572,9611,1184,7020,3413,613,6328,3082,11663,417,98,11047,7020
TULARE COUNTY OFFICE OF EDUCATION,85370,16985,44932,23453,24481,27337,390,31664,16138,83706,649,15583,52208,24481
TULARE JOINT UNION HIGH,14940,3616,10260,1064,6606,5779,578,7245,3587,14650,330,650,12963,6606
TULELAKE BASIN JOINT UNIFIED,14488,3327,9895,1265,8287,4849,704,8575,2913,14621,392,272,13840,8287
TUOLUMNE COUNTY SUPERINTENDENT OF SCHOOLS,56840,20237,27840,8763,21009,32164,0,31452,11352,55781,247,2292,53174,21009
TURLOCK UNIFIED,12629,3428,8414,787,7149,3086,385,6601,2480,11738,642,80,10620,7149
TUSTIN UNIFIED,12772,7094,5090,587,6604,3438,286,6237,2647,12909,1876,140,10328,6604
TWAIN HARTE,16587,11122,4807,657,8394,5224,606,8425,3110,16134,1520,0,14224,8394
TWIN HILLS UNION ELEMENTARY,10874,4196,6416,261,6681,2682,111,5284,2252,10045,272,171,9474,6681
TWIN RIDGES ELEMENTARY,21074,13600,5316,2158,8432,9221,1211,9863,4358,20347,768,0,18863,8432
TWIN RIVERS UNIFIED,14178,2775,10093,1310,7271,4574,560,6816,2713,15006,1331,105,12405,7271
TWO ROCK UNION,14880,4627,6940,3313,8036,5060,434,6964,2837,15114,1349,229,13530,8036
UKIAH UNIFIED,12926,4565,7264,1097,6962,3871,486,6661,2903,12122,84,21,11318,6962
UNION ELEMENTARY,12569,9066,3197,306,6667,3880,207,6337,2489,14341,2760,0,10754,6667
UNION HILL ELEMENTARY,11575,3151,7921,504,6188,3042,208,5976,2411,10583,368,546,9438,6188
UNION JOINT ELEMENTARY,16167,7250,7250,1667,12833,8167,167,10583,4167,41500,0,0,21167,12833
UPLAND UNIFIED,12259,3935,7572,753,7558,3178,401,6372,3143,11934,334,144,11137,7558
UPPER LAKE UNIFIED,14580,5170,8032,1378,6685,5267,765,6288,3675,13189,157,1,12717,6685
UPPER LAKE UNION ELEMENTARY,,,,,,,,,,,,,,
UPPER LAKE UNION HIGH,,,,,,,,,,,,,,
VACAVILLE UNIFIED,11539,4084,6883,573,5699,3931,306,5959,2527,12591,2016,40,9935,5699
VAL VERDE UNIFIED,23214,3510,15765,3939,8234,4807,563,7404,3316,25984,2229,0,13604,8234
VALLE LINDO ELEMENTARY,13061,2422,9654,985,7957,3800,714,6724,2697,13391,774,0,12471,7957
VALLECITO UNION,14709,11412,2296,1002,6944,5941,508,7400,3012,13973,22,0,13394,6944
VALLECITOS ELEMENTARY,10056,4129,5507,419,5751,2390,67,4399,1639,8208,0,0,8208,5751
VALLEJO CITY UNIFIED,12723,3072,8672,978,6701,3873,448,6171,2676,11593,40,79,11022,6701
VALLEY CENTER-PAUMA UNIFIED,12612,5271,6117,1225,6923,4834,405,7270,3002,13592,1386,40,12162,6923
VALLEY HOME JOINT ELEMENTARY,11309,5171,5594,543,5834,3714,34,4617,1954,10874,806,0,9583,5834
VALLEY ROP,,,,,,,,,,,,,,
VALLEY ROP JPA,,,,,,,,,,,,,,
VENTURA COUNTY OFFICE OF EDUCATION,73781,22282,40050,11449,18833,23226,14,18917,7851,73568,760,1233,42074,18833
VENTURA COUNTY ROP,,,,,,,,,,,,,,
VENTURA COUNTY SCHOOLS BUSINESS SERVICES JPA,,,,,,,,,,,,,,
VENTURA UNIFIED,12326,4866,6600,861,6676,4001,585,6412,3170,12460,489,236,11262,6676
VICTOR ELEMENTARY,12766,1818,9840,1108,6786,3229,513,5656,3001,11883,670,50,10528,6786
VICTOR VALLEY UNION HIGH,11019,2262,7783,974,5302,3139,327,4658,2515,9456,156,23,8767,5302
VINELAND ELEMENTARY,15165,1964,10964,2237,6871,3631,1211,5866,2933,12820,362,0,11712,6871
VISALIA UNIFIED,12115,2342,8935,839,6340,3630,409,5782,2899,12027,1332,125,10379,6340
VISTA DEL MAR UNION,20684,13684,5969,1031,12265,12347,1031,12235,6724,34194,6918,10,25643,12265
VISTA UNIFIED,11870,4146,6831,892,6625,3602,430,6441,2807,11554,262,196,10657,6625
WALNUT CREEK ELEMENTARY,11875,9117,2436,322,7012,3180,245,6266,2287,11851,1009,0,10437,7012
WALNUT VALLEY UNIFIED,11511,3920,7254,337,6297,3667,316,6198,2852,11132,255,187,10280,6297
WARNER UNIFIED,3748,1639,1687,422,1521,942,86,1028,458,2620,68,0,2549,1521
WASCO UNION ELEMENTARY,14167,2598,10102,1466,6535,3982,937,6183,3108,14153,1993,0,11453,6535
WASCO UNION HIGH,15040,5988,8222,831,6142,5120,340,6175,3104,15647,2590,150,11602,6142
WASHINGTON COLONY ELEMENTARY,13435,1339,10666,1430,7077,3523,668,5542,2935,12259,867,0,11269,7077
WASHINGTON UNIFIED,13768,4821,8077,870,6370,4204,570,6265,2547,13279,1264,95,11143,6370
WASHINGTON UNIFIED,13536,2676,9449,1412,6579,4982,445,5927,3302,12768,175,11,12006,6579
WASHINGTON UNION ELEMENTARY,11069,7482,3408,179,6045,3143,404,5444,2630,10414,0,1,9592,6045
WATERFORD UNIFIED,7361,2126,4594,641,3745,1880,262,3211,1238,6908,278,67,5887,3745
WAUGH ELEMENTARY,11240,4662,6300,277,6558,2956,128,6376,2397,10856,123,730,9641,6558
WAUKENA JOINT UNION ELEMENTARY,13500,1313,10971,1217,6396,4708,667,5225,2896,11875,104,0,11771,6396
WEAVER UNION,12962,1244,10392,1326,7201,3110,622,6643,2478,11513,95,180,10933,7201
WEED UNION ELEMENTARY,14271,6866,5792,1613,8138,4115,1301,7026,3840,13881,4,0,13554,8138
WEST CONTRA COSTA UNIFIED,15025,6287,7598,1139,6115,4659,480,6058,2836,15065,2137,110,11254,6115
WEST COUNTY TRANSPORTATION JPA,,,,,,,,,,,,,,
WEST COVINA UNIFIED,10853,2539,7585,729,5849,3962,422,5721,2398,10819,310,31,10234,5849
WEST PARK ELEMENTARY,12798,901,10829,1067,6354,4749,560,5544,2608,12318,613,0,11663,6354
WEST SIDE ROP,,,,,,,,,,,,,,
WEST SIDE ROP JPA,,,,,,,,,,,,,,
WEST SIDE UNION ELEMENTARY,11268,8045,2771,453,6050,3955,257,5503,2000,10648,39,346,10263,6050
WEST SONOMA COUNTY UNION HIGH,14741,8974,5270,497,7957,5368,267,6353,4068,14424,278,0,13593,7957
WEST VALLEY SCHOOLS TRANSPORTATION AGENCY JPA,,,,,,,,,,,,,,
WESTERN PLACER UNIFIED,11899,7006,4441,452,6367,3883,243,5857,2461,13578,1303,14,10494,6367
WESTMINSTER,13764,4288,8400,1077,7709,3364,520,7599,3005,13914,1121,907,11593,7709
WESTMORLAND UNION ELEMENTARY,14547,2847,9979,1721,6805,4911,803,7532,2808,12708,61,0,12518,6805
WESTSIDE ELEMENTARY,12258,1245,10616,397,4818,5666,189,4408,1972,11089,314,0,10672,4818
WESTSIDE UNION ELEMENTARY,10923,2869,7503,551,6068,3105,233,5565,2323,11707,1832,0,9407,6068
WESTWOOD UNIFIED,9786,2801,6561,425,4500,3434,341,3708,2902,8673,171,0,8275,4500
WHEATLAND,12895,1534,9499,1862,7284,5079,484,7741,3271,13522,199,0,12846,7284
WHEATLAND UNION HIGH,12781,4413,7724,644,6645,4391,283,6388,2773,14482,2674,0,11319,6645
WHITMORE UNION ELEMENTARY,13218,1722,9889,1606,7333,4051,116,5014,2019,11537,32,0,11500,7333
WHITTIER CITY ELEMENTARY,12867,2898,8911,1058,7306,3992,496,6721,2952,13433,1118,0,11795,7306
WHITTIER UNION HIGH,16555,4093,11465,997,7844,4603,479,7713,3326,16044,886,346,12926,7844
WILLIAM (R) ROUSE ROP,,,,,,,,,,,,,,
WILLIAM S. HART UNION HIGH,11578,3699,7580,299,5452,4289,129,5778,2283,12596,2089,51,9869,5452
WILLIAMS UNIFIED,12238,2801,8536,901,6743,3278,715,6095,2425,12639,1240,0,10736,6743
WILLITS UNIFIED,12130,4371,6462,1296,6122,4063,572,5496,3045,11195,107,0,10756,6122
WILLOW CREEK ELEMENTARY,18026,4077,12077,1872,6154,8256,1359,8538,3667,16564,0,0,15769,6154
WILLOW GROVE UNION ELEMENTARY,20105,16579,2632,895,15474,7368,0,14053,4526,24474,0,0,22842,15474
WILLOWS UNIFIED,11829,3570,7513,746,5639,3236,488,5996,2047,11605,1400,0,9363,5639
WILMAR UNION ELEMENTARY,11481,7172,3755,554,6652,3000,159,5781,2330,11476,639,339,9811,6652
WILSONA ELEMENTARY,13400,1819,10160,1421,7885,4270,759,6962,3430,14540,1133,0,12914,7885
WINDSOR UNIFIED,12947,6596,5700,651,6785,4059,297,5941,3272,13700,1418,19,11141,6785
WINSHIP-ROBBINS,4296,1499,2576,222,1107,1165,181,1284,488,2772,270,0,2453,1107
WINTERS JOINT UNIFIED,12988,3623,8588,777,6653,5013,392,7049,2464,14723,2358,1,12058,6653
WINTON,13519,662,11291,1565,7129,3422,717,6571,2765,11822,357,3,11269,7129
WISEBURN UNIFIED,19041,6978,11841,222,4276,2199,179,4466,1597,18213,10013,478,6654,4276
WOODLAKE UNIFIED,15479,2485,11457,1537,6900,4990,945,6955,3699,15249,1752,319,12835,6900
WOODLAND JOINT UNIFIED,12480,3753,7890,837,6724,4348,422,6986,2347,12599,763,124,11493,6724
WOODSIDE ELEMENTARY,57793,54303,3250,240,19715,7953,255,16528,6760,37288,4860,1370,27923,19715
WOODVILLE UNION ELEMENTARY,15085,1163,11298,2624,10041,4677,823,7771,3963,15828,241,0,15541,10041
WRIGHT ELEMENTARY,13522,4902,7766,854,7822,3869,484,6170,3067,13409,667,0,12175,7822
YOLO COUNTY OFFICE OF EDUCATION,75163,23454,32842,18867,15249,23786,541,22956,7673,67403,1613,327,39576,15249
YOLO COUNTY ROP,,,,,,,,,,,,,,
YOSEMITE ROP,,,,,,,,,,,,,,
YOSEMITE UNIFIED,11667,4446,6637,584,5705,4370,287,6046,2401,11004,193,140,10362,5705
YREKA UNION ELEMENTARY,12157,3216,7406,1536,7004,3239,557,5469,3006,11538,423,0,10800,7004
YREKA UNION HIGH,15338,6522,7809,1006,8030,5338,323,7360,2697,24483,9872,222,13691,8030
YUBA CITY UNIFIED,12484,3079,8521,883,6239,3645,449,6079,2490,11423,539,0,10333,6239
YUBA COUNTY OFFICE OF EDUCATION,51761,16424,26150,9187,15553,15090,956,18122,8002,51518,1032,2783,31599,15553
YUCAIPA-CALIMESA JOINT UNIFIED,10760,2385,7662,713,5901,3348,356,5717,2474,9937,138,65,9604,5901